timestamp,x_m,y_m,magnitude_h2,laser_distance_cm
2026-05-13T12:40:17.385129,-0.1866,0.0068,0.157365,4.600
2026-05-13T12:40:17.406116,-0.1866,0.0068,0.040130,4.600
2026-05-13T12:40:17.427159,-0.1866,0.0068,0.105010,4.500
2026-05-13T12:40:17.447064,-0.1866,0.0068,0.163489,4.500
2026-05-13T12:40:17.468129,-0.1866,0.0068,0.111410,4.800
2026-05-13T12:40:17.488039,-0.1866,0.0068,0.175594,4.800
2026-05-13T12:40:17.508019,-0.1866,0.0068,0.179636,4.800
2026-05-13T12:40:17.530080,-0.1866,0.0069,0.321840,4.700
2026-05-13T12:40:17.548987,-0.1866,0.0069,0.212564,4.700
2026-05-13T12:40:17.571037,-0.1866,0.0069,0.056844,4.700
2026-05-13T12:40:17.589952,-0.1866,0.0069,0.168325,4.700
2026-05-13T12:40:17.610927,-0.1866,0.0069,0.212709,4.700
2026-05-13T12:40:17.630915,-0.1866,0.0068,0.197835,4.600
2026-05-13T12:40:17.651926,-0.1866,0.0068,0.055269,4.600
2026-05-13T12:40:17.673371,-0.1866,0.0068,0.080215,4.700
2026-05-13T12:40:17.692851,-0.1866,0.0068,0.129501,4.700
2026-05-13T12:40:17.713899,-0.1866,0.0068,0.093151,4.500
2026-05-13T12:40:17.733810,-0.1866,0.0068,0.043759,4.500
2026-05-13T12:40:17.753792,-0.1866,0.0068,0.212950,4.500
2026-05-13T12:40:17.775851,-0.1866,0.0068,0.083782,4.600
2026-05-13T12:40:17.794765,-0.1866,0.0068,0.088575,4.600
2026-05-13T12:40:17.817472,-0.1866,0.0068,0.147210,4.600
2026-05-13T12:40:17.835775,-0.1866,0.0068,0.034260,4.600
2026-05-13T12:40:17.856709,-0.1866,0.0068,0.123786,4.600
2026-05-13T12:40:17.876698,-0.1866,0.0068,0.098897,4.600
2026-05-13T12:40:17.897693,-0.1866,0.0068,0.093858,4.600
2026-05-13T12:40:17.918758,-0.1866,0.0068,0.066014,4.600
2026-05-13T12:40:17.938686,-0.1866,0.0068,0.054075,4.600
2026-05-13T12:40:17.959765,-0.1866,0.0068,0.168449,4.600
2026-05-13T12:40:17.979593,-0.1866,0.0068,0.390767,4.600
2026-05-13T12:40:17.999579,-0.1866,0.0068,0.253776,4.600
2026-05-13T12:40:18.021627,-0.1866,0.0068,0.064848,4.700
2026-05-13T12:40:18.040534,-0.1866,0.0068,0.026173,4.700
2026-05-13T12:40:18.062598,-0.1866,0.0068,0.112526,4.700
2026-05-13T12:40:18.081501,-0.1866,0.0068,0.114126,4.700
2026-05-13T12:40:18.102488,-0.1866,0.0068,0.237086,4.700
2026-05-13T12:40:18.123530,-0.1866,0.0068,0.265653,4.500
2026-05-13T12:40:18.143443,-0.1866,0.0068,0.162248,4.500
2026-05-13T12:40:18.164539,-0.1866,0.0068,0.107923,4.700
2026-05-13T12:40:18.184402,-0.1866,0.0068,0.135525,4.700
2026-05-13T12:40:18.204405,-0.1866,0.0068,0.178048,4.700
2026-05-13T12:40:18.225377,-0.1866,0.0068,0.271665,4.500
2026-05-13T12:40:18.245687,-0.1866,0.0068,0.232713,4.500
2026-05-13T12:40:18.266407,-0.1866,0.0068,0.027420,4.700
2026-05-13T12:40:18.286315,-0.1866,0.0068,0.152671,4.700
2026-05-13T12:40:18.307369,-0.1866,0.0068,0.161850,4.400
2026-05-13T12:40:18.327275,-0.1866,0.0068,0.220559,4.400
2026-05-13T12:40:18.347265,-0.1866,0.0068,0.288550,4.400
2026-05-13T12:40:18.369308,-0.1866,0.0068,0.310667,4.500
2026-05-13T12:40:18.388230,-0.1866,0.0068,0.157460,4.500
2026-05-13T12:40:18.410286,-0.1866,0.0068,0.131218,4.700
2026-05-13T12:40:18.429181,-0.1866,0.0068,0.142057,4.700
2026-05-13T12:40:18.450160,-0.1866,0.0068,0.081257,4.700
2026-05-13T12:40:18.471210,-0.1866,0.0068,0.160824,4.600
2026-05-13T12:40:18.491129,-0.1866,0.0068,0.024854,4.600
2026-05-13T12:40:18.512182,-0.1866,0.0068,0.065654,4.800
2026-05-13T12:40:18.532088,-0.1866,0.0068,0.166068,4.800
2026-05-13T12:40:18.553157,-0.1866,0.0068,0.077233,4.600
2026-05-13T12:40:18.573052,-0.1866,0.0068,0.145153,4.600
2026-05-13T12:40:18.593030,-0.1866,0.0068,0.028326,4.600
2026-05-13T12:40:18.615100,-0.1866,0.0068,0.230229,4.500
2026-05-13T12:40:18.634001,-0.1866,0.0068,0.165251,4.500
2026-05-13T12:40:18.656090,-0.1866,0.0068,0.048609,4.600
2026-05-13T12:40:18.674967,-0.1866,0.0068,0.067468,4.600
2026-05-13T12:40:18.695940,-0.1866,0.0068,0.051143,4.600
2026-05-13T12:40:18.716989,-0.1866,0.0068,0.174742,4.500
2026-05-13T12:40:18.736940,-0.1866,0.0068,0.174601,4.500
2026-05-13T12:40:18.757953,-0.1866,0.0068,0.078082,4.500
2026-05-13T12:40:18.777869,-0.1866,0.0068,0.098872,4.500
2026-05-13T12:40:18.797849,-0.1866,0.0068,0.041826,4.500
2026-05-13T12:40:18.818886,-0.1866,0.0068,0.095419,4.200
2026-05-13T12:40:18.838850,-0.1866,0.0068,0.149533,4.200
2026-05-13T12:40:18.860867,-0.1866,0.0068,0.169734,4.700
2026-05-13T12:40:18.879814,-0.1866,0.0068,0.098766,4.700
2026-05-13T12:40:18.901837,-0.1866,0.0068,0.084122,4.500
2026-05-13T12:40:18.920738,-0.1866,0.0068,0.223421,4.500
2026-05-13T12:40:18.941740,-0.1866,0.0068,0.104082,4.500
2026-05-13T12:40:18.963796,-0.1866,0.0068,0.209061,4.500
2026-05-13T12:40:18.982740,-0.1866,0.0069,0.293401,4.500
2026-05-13T12:40:19.003798,-0.1866,0.0069,0.546705,4.600
2026-05-13T12:40:19.023666,-0.1866,0.0069,0.348282,4.600
2026-05-13T12:40:19.043630,-0.1866,0.0069,0.413186,4.600
2026-05-13T12:40:19.065678,-0.1866,0.0069,0.548720,4.600
2026-05-13T12:40:19.084600,-0.1866,0.0068,0.199548,4.600
2026-05-13T12:40:19.106640,-0.1866,0.0068,0.036793,4.400
2026-05-13T12:40:19.125552,-0.1866,0.0068,0.085302,4.400
2026-05-13T12:40:19.147613,-0.1866,0.0068,0.094935,4.600
2026-05-13T12:40:19.166526,-0.1866,0.0068,0.197973,4.600
2026-05-13T12:40:19.187516,-0.1866,0.0068,0.242690,4.600
2026-05-13T12:40:19.208551,-0.1866,0.0068,0.249717,4.500
2026-05-13T12:40:19.228482,-0.1866,0.0068,0.185761,4.500
2026-05-13T12:40:19.249518,-0.1866,0.0068,0.151094,4.600
2026-05-13T12:40:19.269927,-0.1866,0.0068,0.042856,4.600
2026-05-13T12:40:19.289405,-0.1866,0.0068,0.166033,4.600
2026-05-13T12:40:19.311448,-0.1866,0.0068,0.152239,4.400
2026-05-13T12:40:19.330367,-0.1866,0.0068,0.241367,4.400
2026-05-13T12:40:19.352417,-0.1866,0.0068,0.203494,4.600
2026-05-13T12:40:19.371340,-0.1866,0.0068,0.130352,4.600
2026-05-13T12:40:19.392319,-0.1866,0.0068,0.325403,4.600
2026-05-13T12:40:19.412305,-0.1866,0.0068,0.318329,4.400
2026-05-13T12:40:19.433283,-0.1866,0.0068,0.255823,4.400
2026-05-13T12:40:19.454336,-0.1866,0.0068,0.197575,4.700
2026-05-13T12:40:19.474239,-0.1866,0.0068,0.156656,4.700
2026-05-13T12:40:19.495305,-0.1866,0.0069,0.139178,4.700
2026-05-13T12:40:19.515215,-0.1866,0.0069,0.132382,4.700
2026-05-13T12:40:19.535205,-0.1866,0.0069,0.325517,4.700
2026-05-13T12:40:19.557236,-0.1866,0.0069,0.415987,4.700
2026-05-13T12:40:19.576163,-0.1866,0.0069,0.278936,4.700
2026-05-13T12:40:19.598212,-0.1866,0.0068,0.140594,4.200
2026-05-13T12:40:19.617111,-0.1866,0.0068,0.158856,4.200
2026-05-13T12:40:19.638095,-0.1866,0.0068,0.081579,4.200
2026-05-13T12:40:19.659186,-0.1866,0.0068,0.179180,4.700
2026-05-13T12:40:19.679054,-0.1866,0.0068,0.273650,4.700
2026-05-13T12:40:19.700100,-0.1866,0.0068,0.236493,4.600
2026-05-13T12:40:19.720008,-0.1866,0.0068,0.082868,4.600
2026-05-13T12:40:19.741067,-0.1866,0.0068,0.179235,4.500
2026-05-13T12:40:19.760973,-0.1866,0.0068,0.201205,4.500
2026-05-13T12:40:19.780954,-0.1866,0.0068,0.203792,4.500
2026-05-13T12:40:19.803216,-0.1866,0.0068,0.191207,4.600
2026-05-13T12:40:19.821965,-0.1866,0.0068,0.119209,4.600
2026-05-13T12:40:19.843973,-0.1866,0.0068,0.178114,4.800
2026-05-13T12:40:19.862878,-0.1866,0.0068,0.420210,4.800
2026-05-13T12:40:19.884012,-0.1866,0.0068,0.281444,4.800
2026-05-13T12:40:19.904918,-0.1866,0.0068,0.035579,4.500
2026-05-13T12:40:19.924816,-0.1866,0.0068,0.094759,4.500
2026-05-13T12:40:19.945872,-0.1866,0.0068,0.154485,4.400
2026-05-13T12:40:19.965779,-0.1866,0.0068,0.159075,4.400
2026-05-13T12:40:19.985897,-0.1866,0.0068,0.136940,4.400
2026-05-13T12:40:20.006768,-0.1866,0.0068,0.163258,4.400
2026-05-13T12:40:20.026767,-0.1866,0.0068,0.272678,4.400
2026-05-13T12:40:20.048854,-0.1866,0.0068,0.130490,4.600
2026-05-13T12:40:20.067691,-0.1866,0.0068,0.139123,4.600
2026-05-13T12:40:20.089749,-0.1866,0.0068,0.157304,4.400
2026-05-13T12:40:20.108658,-0.1866,0.0068,0.258187,4.400
2026-05-13T12:40:20.129637,-0.1866,0.0068,0.325097,4.400
2026-05-13T12:40:20.150720,-0.1866,0.0068,0.284958,4.700
2026-05-13T12:40:20.170605,-0.1866,0.0068,0.090139,4.700
2026-05-13T12:40:20.191655,-0.1866,0.0068,0.075497,4.600
2026-05-13T12:40:20.211558,-0.1866,0.0068,0.115113,4.600
2026-05-13T12:40:20.231550,-0.1866,0.0068,0.193312,4.600
2026-05-13T12:40:20.253614,-0.1866,0.0068,0.299481,4.700
2026-05-13T12:40:20.272511,-0.1866,0.0068,0.242932,4.700
2026-05-13T12:40:20.294564,-0.1866,0.0068,0.107777,4.600
2026-05-13T12:40:20.313469,-0.1866,0.0068,0.142080,4.600
2026-05-13T12:40:20.335542,-0.1866,0.0068,0.127731,4.800
2026-05-13T12:40:20.354432,-0.1866,0.0068,0.303549,4.800
2026-05-13T12:40:20.375423,-0.1866,0.0068,0.072753,4.800
2026-05-13T12:40:20.396463,-0.1866,0.0068,0.048382,4.600
2026-05-13T12:40:20.416377,-0.1866,0.0068,0.032057,4.600
2026-05-13T12:40:20.437439,-0.1866,0.0068,0.167765,4.600
2026-05-13T12:40:20.457347,-0.1866,0.0068,0.128644,4.600
2026-05-13T12:40:20.477324,-0.1866,0.0068,0.266311,4.600
2026-05-13T12:40:20.499376,-0.1866,0.0068,0.106787,4.700
2026-05-13T12:40:20.518289,-0.1866,0.0068,0.083306,4.700
2026-05-13T12:40:20.540345,-0.1866,0.0068,0.199132,4.700
2026-05-13T12:40:20.559245,-0.1866,0.0068,0.185151,4.700
2026-05-13T12:40:20.580235,-0.1866,0.0068,0.341538,4.700
2026-05-13T12:40:20.600208,-0.1866,0.0068,0.329425,4.500
2026-05-13T12:40:20.621182,-0.1866,0.0068,0.212505,4.500
2026-05-13T12:40:20.642230,-0.1866,0.0068,0.219501,4.700
2026-05-13T12:40:20.662194,-0.1866,0.0068,0.098158,4.700
2026-05-13T12:40:20.683283,-0.1866,0.0068,0.154711,4.700
2026-05-13T12:40:20.703113,-0.1866,0.0068,0.108564,4.700
2026-05-13T12:40:20.723096,-0.1866,0.0068,0.097570,4.700
2026-05-13T12:40:20.745158,-0.1866,0.0068,0.150041,4.500
2026-05-13T12:40:20.764054,-0.1866,0.0068,0.070930,4.500
2026-05-13T12:40:20.786098,-0.1866,0.0068,0.118440,4.700
2026-05-13T12:40:20.805104,-0.1866,0.0068,0.106930,4.700
2026-05-13T12:40:20.826046,-0.1866,0.0068,0.053089,4.700
2026-05-13T12:40:20.847054,-0.1866,0.0068,0.189414,4.500
2026-05-13T12:40:20.866977,-0.1866,0.0068,0.174499,4.500
2026-05-13T12:40:20.888034,-0.1866,0.0068,0.182584,4.400
2026-05-13T12:40:20.907926,-0.1866,0.0068,0.122777,4.400
2026-05-13T12:40:20.928985,-0.1866,0.0068,0.087951,4.500
2026-05-13T12:40:20.948890,-0.1866,0.0068,0.019402,4.500
2026-05-13T12:40:20.968863,-0.1866,0.0068,0.157604,4.500
2026-05-13T12:40:20.990913,-0.1866,0.0068,0.283633,4.400
2026-05-13T12:40:21.009825,-0.1866,0.0068,0.263067,4.400
2026-05-13T12:40:21.031882,-0.1866,0.0068,0.079023,4.700
2026-05-13T12:40:21.050809,-0.1866,0.0068,0.050220,4.700
2026-05-13T12:40:21.071825,-0.1866,0.0069,0.247108,4.700
2026-05-13T12:40:21.092887,-0.1866,0.0069,0.104361,4.500
2026-05-13T12:40:21.113355,-0.1866,0.0069,0.161253,4.500
2026-05-13T12:40:21.133785,-0.1866,0.0069,0.198400,4.500
2026-05-13T12:40:21.153738,-0.1866,0.0069,0.206011,4.500
2026-05-13T12:40:21.173691,-0.1866,0.0069,0.265496,4.500
2026-05-13T12:40:21.194661,-0.1866,0.0069,0.330887,4.500
2026-05-13T12:40:21.214644,-0.1866,0.0069,0.347970,4.500
2026-05-13T12:40:21.236703,-0.1866,0.0069,0.185174,4.600
2026-05-13T12:40:21.255608,-0.1866,0.0069,0.121607,4.600
2026-05-13T12:40:21.277667,-0.1866,0.0068,0.189945,4.600
2026-05-13T12:40:21.296565,-0.1866,0.0068,0.303104,4.600
2026-05-13T12:40:21.317548,-0.1866,0.0068,0.228640,4.600
2026-05-13T12:40:21.338603,-0.1866,0.0068,0.297673,4.700
2026-05-13T12:40:21.358516,-0.1866,0.0068,0.173719,4.700
2026-05-13T12:40:21.379556,-0.1867,0.0068,0.321451,4.400
2026-05-13T12:40:21.399476,-0.1867,0.0068,0.210154,4.400
2026-05-13T12:40:21.419453,-0.1867,0.0068,0.299173,4.400
2026-05-13T12:40:21.441499,-0.1867,0.0068,0.193127,4.500
2026-05-13T12:40:21.460413,-0.1867,0.0068,0.266343,4.500
2026-05-13T12:40:21.482480,-0.1867,0.0068,0.117911,4.500
2026-05-13T12:40:21.501380,-0.1867,0.0068,0.075205,4.500
2026-05-13T12:40:21.523436,-0.1867,0.0068,0.103272,4.700
2026-05-13T12:40:21.542350,-0.1867,0.0068,0.220526,4.700
2026-05-13T12:40:21.563324,-0.1867,0.0068,0.153231,4.700
2026-05-13T12:40:21.584381,-0.1867,0.0068,0.142329,4.400
2026-05-13T12:40:21.604359,-0.1867,0.0068,0.031772,4.400
2026-05-13T12:40:21.625373,-0.1867,0.0068,0.075729,4.400
2026-05-13T12:40:21.645264,-0.1867,0.0068,0.194719,4.400
2026-05-13T12:40:21.665846,-0.1867,0.0068,0.224829,4.400
2026-05-13T12:40:21.687296,-0.1867,0.0068,0.280921,4.600
2026-05-13T12:40:21.706198,-0.1867,0.0068,0.150667,4.600
2026-05-13T12:40:21.728264,-0.1867,0.0068,0.113744,4.600
2026-05-13T12:40:21.747170,-0.1867,0.0068,0.053649,4.600
2026-05-13T12:40:21.768142,-0.1867,0.0068,0.109493,4.600
2026-05-13T12:40:21.788117,-0.1867,0.0068,0.095761,4.600
2026-05-13T12:40:21.809180,-0.1867,0.0068,0.102060,4.600
2026-05-13T12:40:21.830184,-0.1867,0.0068,0.065450,4.700
2026-05-13T12:40:21.850073,-0.1867,0.0068,0.174560,4.700
2026-05-13T12:40:21.871116,-0.1869,0.0066,0.237433,4.400
2026-05-13T12:40:21.891031,-0.1869,0.0066,0.169370,4.400
2026-05-13T12:40:21.911015,-0.1869,0.0066,0.159392,4.400
2026-05-13T12:40:21.933067,-0.1869,0.0066,0.277045,4.800
2026-05-13T12:40:21.951971,-0.1869,0.0066,0.473142,4.800
2026-05-13T12:40:21.974020,-0.1869,0.0066,0.223837,4.400
2026-05-13T12:40:21.992927,-0.1869,0.0066,0.265009,4.400
2026-05-13T12:40:22.013921,-0.1866,0.0064,0.285698,4.400
2026-05-13T12:40:22.033900,-0.1866,0.0064,0.261680,4.600
2026-05-13T12:40:22.054890,-0.1866,0.0064,0.169805,4.600
2026-05-13T12:40:22.075968,-0.1866,0.0064,0.361844,4.500
2026-05-13T12:40:22.095857,-0.1866,0.0064,0.189038,4.500
2026-05-13T12:40:22.116928,-0.1866,0.0064,0.362295,4.800
2026-05-13T12:40:22.136852,-0.1866,0.0064,0.318788,4.800
2026-05-13T12:40:22.156898,-0.1866,0.0064,0.215261,4.800
2026-05-13T12:40:22.178846,-0.1924,0.0058,0.208881,4.600
2026-05-13T12:40:22.197750,-0.1924,0.0058,0.080522,4.600
2026-05-13T12:40:22.219804,-0.1924,0.0058,0.476720,4.500
2026-05-13T12:40:22.238715,-0.1924,0.0058,0.162786,4.500
2026-05-13T12:40:22.259691,-0.1924,0.0058,0.443324,4.500
2026-05-13T12:40:22.280740,-0.1924,0.0058,0.146124,4.400
2026-05-13T12:40:22.300675,-0.1924,0.0058,0.282348,4.400
2026-05-13T12:40:22.321725,-0.1823,0.0078,0.235948,4.700
2026-05-13T12:40:22.341613,-0.1823,0.0078,0.275146,4.700
2026-05-13T12:40:22.361588,-0.1823,0.0078,0.479270,4.700
2026-05-13T12:40:22.382573,-0.1823,0.0078,0.171619,4.400
2026-05-13T12:40:22.402554,-0.1823,0.0078,0.834351,4.400
2026-05-13T12:40:22.424606,-0.1823,0.0078,0.813464,4.500
2026-05-13T12:40:22.443529,-0.1558,0.0098,2.190673,4.500
2026-05-13T12:40:22.465566,-0.1558,0.0098,3.900384,4.500
2026-05-13T12:40:22.484490,-0.1558,0.0098,5.311672,4.500
2026-05-13T12:40:22.505481,-0.1558,0.0098,7.436219,4.500
2026-05-13T12:40:22.526530,-0.1558,0.0098,8.973111,4.700
2026-05-13T12:40:22.546420,-0.1558,0.0098,10.410564,4.700
2026-05-13T12:40:22.567480,-0.1558,0.0098,11.745883,4.700
2026-05-13T12:40:22.587394,-0.1196,0.0066,12.137153,4.700
2026-05-13T12:40:22.607365,-0.1196,0.0066,12.505412,4.700
2026-05-13T12:40:22.629948,-0.1196,0.0066,12.708259,4.500
2026-05-13T12:40:22.648328,-0.1196,0.0066,12.646702,4.500
2026-05-13T12:40:22.670423,-0.1196,0.0066,12.634002,4.600
2026-05-13T12:40:22.689294,-0.1196,0.0066,12.345326,4.600
2026-05-13T12:40:22.711351,-0.1196,0.0066,11.397254,4.600
2026-05-13T12:40:22.730268,-0.0820,0.0011,10.261529,4.600
2026-05-13T12:40:22.751234,-0.0820,0.0011,8.543647,4.600
2026-05-13T12:40:22.772299,-0.0820,0.0011,7.374560,4.700
2026-05-13T12:40:22.792195,-0.0820,0.0011,5.855023,4.700
2026-05-13T12:40:22.813318,-0.0820,0.0011,4.451370,4.800
2026-05-13T12:40:22.833198,-0.0820,0.0011,2.655625,4.800
2026-05-13T12:40:22.853149,-0.0394,-0.0063,1.203840,4.800
2026-05-13T12:40:22.875263,-0.0394,-0.0063,1.678530,4.700
2026-05-13T12:40:22.894102,-0.0394,-0.0063,3.412262,4.700
2026-05-13T12:40:22.916187,-0.0394,-0.0063,5.176604,4.700
2026-05-13T12:40:22.935066,-0.0394,-0.0063,7.258465,4.700
2026-05-13T12:40:22.956046,-0.0394,-0.0063,9.331075,4.700
2026-05-13T12:40:22.976022,-0.0394,-0.0063,11.647587,4.400
2026-05-13T12:40:22.997014,0.0078,-0.0085,14.030308,4.400
2026-05-13T12:40:23.018057,0.0078,-0.0085,16.446375,4.500
2026-05-13T12:40:23.037961,0.0078,-0.0085,18.288243,4.500
2026-05-13T12:40:23.059014,0.0078,-0.0085,19.596764,4.400
2026-05-13T12:40:23.078927,0.0078,-0.0085,19.105117,4.400
2026-05-13T12:40:23.098909,0.0078,-0.0085,17.059065,4.400
2026-05-13T12:40:23.120967,0.0078,-0.0085,13.549889,4.400
2026-05-13T12:40:23.139911,0.0627,-0.0100,8.949417,4.400
2026-05-13T12:40:23.162005,0.0627,-0.0100,5.324044,4.500
2026-05-13T12:40:23.180896,0.0627,-0.0100,6.556923,4.500
2026-05-13T12:40:23.201824,0.0627,-0.0100,10.503226,4.500
2026-05-13T12:40:23.221801,0.0627,-0.0100,14.127832,4.700
2026-05-13T12:40:23.242775,0.0627,-0.0100,16.891097,4.700
2026-05-13T12:40:23.263830,0.0627,-0.0100,18.488644,4.500
2026-05-13T12:40:23.283762,0.1104,-0.0094,18.952796,4.500
2026-05-13T12:40:23.304790,0.1104,-0.0094,18.567510,4.600
2026-05-13T12:40:23.324716,0.1104,-0.0094,17.072859,4.600
2026-05-13T12:40:23.344699,0.1104,-0.0094,15.596239,4.600
2026-05-13T12:40:23.366728,0.1104,-0.0094,13.150655,4.800
2026-05-13T12:40:23.385640,0.1104,-0.0094,10.715334,4.800
2026-05-13T12:40:23.407687,0.1104,-0.0094,8.089296,4.700
2026-05-13T12:40:23.426654,0.1104,-0.0094,5.694286,4.700
2026-05-13T12:40:23.447587,0.1590,-0.0074,3.587637,4.700
2026-05-13T12:40:23.468633,0.1590,-0.0074,1.842567,4.500
2026-05-13T12:40:23.488552,0.1590,-0.0074,1.965478,4.500
2026-05-13T12:40:23.509601,0.1590,-0.0074,3.862702,4.700
2026-05-13T12:40:23.529525,0.1590,-0.0074,6.285746,4.700
2026-05-13T12:40:23.549498,0.1590,-0.0074,8.544925,4.700
2026-05-13T12:40:23.570472,0.1590,-0.0074,10.441758,4.500
2026-05-13T12:40:23.590467,0.1939,-0.0049,11.731866,4.500
2026-05-13T12:40:23.612510,0.1939,-0.0049,12.157177,4.700
2026-05-13T12:40:23.631430,0.1939,-0.0049,11.906822,4.700
2026-05-13T12:40:23.653506,0.1939,-0.0049,10.997845,4.700
2026-05-13T12:40:23.672386,0.1939,-0.0049,9.860259,4.700
2026-05-13T12:40:23.693380,0.1939,-0.0049,9.310369,4.700
2026-05-13T12:40:23.714425,0.1936,-0.0068,9.070888,4.600
2026-05-13T12:40:23.734328,0.1936,-0.0068,8.841100,4.600
2026-05-13T12:40:23.755856,0.1936,-0.0068,8.612119,4.500
2026-05-13T12:40:23.775288,0.1936,-0.0068,8.139115,4.500
2026-05-13T12:40:23.795265,0.1936,-0.0068,7.897827,4.500
2026-05-13T12:40:23.817403,0.1936,-0.0068,7.652003,4.500
2026-05-13T12:40:23.836275,0.1936,-0.0068,7.308651,4.500
2026-05-13T12:40:23.858295,0.1941,-0.0063,6.997645,4.400
2026-05-13T12:40:23.877197,0.1941,-0.0063,6.853827,4.400
2026-05-13T12:40:23.899255,0.1941,-0.0063,7.041174,4.600
2026-05-13T12:40:23.918154,0.1941,-0.0063,7.115145,4.600
2026-05-13T12:40:23.939148,0.1941,-0.0063,7.178961,4.600
2026-05-13T12:40:23.960200,0.1941,-0.0063,7.381308,4.500
2026-05-13T12:40:23.980115,0.1982,-0.0200,7.633645,4.500
2026-05-13T12:40:24.001158,0.1982,-0.0200,7.666612,4.500
2026-05-13T12:40:24.021062,0.1982,-0.0200,7.985764,4.500
2026-05-13T12:40:24.041064,0.1982,-0.0200,8.119318,4.500
2026-05-13T12:40:24.063095,0.1982,-0.0200,8.257013,4.800
2026-05-13T12:40:24.082003,0.1982,-0.0200,8.489574,4.800
2026-05-13T12:40:24.104064,0.1982,-0.0200,8.722923,4.600
2026-05-13T12:40:24.122988,0.2037,-0.0566,9.072868,4.600
2026-05-13T12:40:24.143959,0.2037,-0.0566,9.236832,4.600
2026-05-13T12:40:24.163976,0.2037,-0.0566,9.313524,4.500
2026-05-13T12:40:24.184945,0.2037,-0.0566,9.122260,4.500
2026-05-13T12:40:24.206008,0.2037,-0.0566,9.130902,4.700
2026-05-13T12:40:24.225943,0.2037,-0.0566,9.100092,4.700
2026-05-13T12:40:24.247018,0.2085,-0.0907,8.732757,4.400
2026-05-13T12:40:24.266846,0.2085,-0.0907,8.525538,4.400
2026-05-13T12:40:24.286824,0.2085,-0.0907,8.346884,4.400
2026-05-13T12:40:24.308876,0.2085,-0.0907,8.607216,4.400
2026-05-13T12:40:24.327789,0.2085,-0.0907,8.404253,4.400
2026-05-13T12:40:24.349851,0.2085,-0.0907,8.112921,4.600
2026-05-13T12:40:24.368760,0.2085,-0.0907,7.969274,4.600
2026-05-13T12:40:24.389749,0.2123,-0.1152,7.891024,4.600
2026-05-13T12:40:24.409721,0.2123,-0.1152,7.899415,4.400
2026-05-13T12:40:24.430699,0.2123,-0.1152,7.684386,4.400
2026-05-13T12:40:24.451766,0.2123,-0.1152,7.777920,4.400
2026-05-13T12:40:24.471672,0.2123,-0.1152,7.890274,4.400
2026-05-13T12:40:24.492717,0.2123,-0.1152,7.877104,4.800
2026-05-13T12:40:24.512642,0.2123,-0.1152,7.837112,4.800
2026-05-13T12:40:24.532634,0.2164,-0.1256,7.660248,4.800
2026-05-13T12:40:24.554671,0.2164,-0.1256,7.517676,4.500
2026-05-13T12:40:24.573594,0.2164,-0.1256,7.401937,4.500
2026-05-13T12:40:24.595628,0.2164,-0.1256,7.384845,4.600
2026-05-13T12:40:24.614540,0.2164,-0.1256,7.508673,4.600
2026-05-13T12:40:24.635524,0.2164,-0.1256,7.575960,4.600
2026-05-13T12:40:24.656612,0.2164,-0.1256,7.637443,4.600
2026-05-13T12:40:24.676494,0.2192,-0.1277,7.473891,4.600
2026-05-13T12:40:24.697532,0.2192,-0.1277,7.239083,4.700
2026-05-13T12:40:24.717442,0.2192,-0.1277,6.968724,4.700
2026-05-13T12:40:24.737429,0.2192,-0.1277,6.424821,4.700
2026-05-13T12:40:24.758415,0.2192,-0.1277,5.490001,4.500
2026-05-13T12:40:24.778389,0.2192,-0.1277,4.537130,4.500
2026-05-13T12:40:24.800895,0.2192,-0.1277,3.302865,4.600
2026-05-13T12:40:24.819398,0.2192,-0.1277,1.636858,4.600
2026-05-13T12:40:24.841455,0.2068,-0.1281,0.385011,4.500
2026-05-13T12:40:24.860325,0.2068,-0.1281,1.929404,4.500
2026-05-13T12:40:24.881308,0.2068,-0.1281,3.832659,4.500
2026-05-13T12:40:24.902349,0.2068,-0.1281,6.020319,4.600
2026-05-13T12:40:24.922261,0.2068,-0.1281,8.158976,4.600
2026-05-13T12:40:24.943308,0.2068,-0.1281,10.478816,4.600
2026-05-13T12:40:24.963230,0.2068,-0.1281,12.599307,4.600
2026-05-13T12:40:24.983215,0.1691,-0.1302,14.445837,4.600
2026-05-13T12:40:25.004184,0.1691,-0.1302,16.145362,4.800
2026-05-13T12:40:25.024170,0.1691,-0.1302,17.256381,4.800
2026-05-13T12:40:25.046226,0.1691,-0.1302,18.735095,4.700
2026-05-13T12:40:25.065129,0.1691,-0.1302,19.746394,4.700
2026-05-13T12:40:25.087175,0.1691,-0.1302,20.824179,4.500
2026-05-13T12:40:25.106099,0.1315,-0.1318,21.765954,4.500
2026-05-13T12:40:25.127071,0.1315,-0.1318,22.605265,4.500
2026-05-13T12:40:25.148121,0.1315,-0.1318,22.630217,4.600
2026-05-13T12:40:25.168082,0.1315,-0.1318,22.909123,4.600
2026-05-13T12:40:25.189087,0.1315,-0.1318,22.728361,4.500
2026-05-13T12:40:25.208995,0.1315,-0.1318,21.400489,4.500
2026-05-13T12:40:25.228983,0.1315,-0.1318,19.899401,4.500
2026-05-13T12:40:25.251054,0.0904,-0.1324,17.932324,4.500
2026-05-13T12:40:25.269974,0.0904,-0.1324,15.513188,4.500
2026-05-13T12:40:25.292050,0.0904,-0.1324,12.637650,4.600
2026-05-13T12:40:25.310897,0.0904,-0.1324,9.220566,4.600
2026-05-13T12:40:25.331883,0.0904,-0.1324,5.845905,4.600
2026-05-13T12:40:25.351861,0.0904,-0.1324,4.372105,4.400
2026-05-13T12:40:25.372853,0.0904,-0.1324,6.298149,4.400
2026-05-13T12:40:25.393988,0.0904,-0.1324,9.292374,4.700
2026-05-13T12:40:25.413809,0.0458,-0.1324,12.163605,4.700
2026-05-13T12:40:25.434862,0.0458,-0.1324,14.415350,4.600
2026-05-13T12:40:25.454774,0.0458,-0.1324,15.383040,4.600
2026-05-13T12:40:25.474751,0.0458,-0.1324,15.237416,4.600
2026-05-13T12:40:25.496802,0.0458,-0.1324,13.898462,4.600
2026-05-13T12:40:25.515714,0.0458,-0.1324,11.699042,4.600
2026-05-13T12:40:25.537852,0.0458,-0.1324,9.202401,4.600
2026-05-13T12:40:25.556684,-0.0040,-0.1310,7.144713,4.600
2026-05-13T12:40:25.577667,-0.0040,-0.1310,5.771226,4.600
2026-05-13T12:40:25.597661,-0.0040,-0.1310,5.133512,4.700
2026-05-13T12:40:25.618629,-0.0040,-0.1310,5.137579,4.700
2026-05-13T12:40:25.639678,-0.0040,-0.1310,5.821487,4.400
2026-05-13T12:40:25.659647,-0.0040,-0.1310,6.224154,4.400
2026-05-13T12:40:25.680656,-0.0516,-0.1297,6.620652,4.600
2026-05-13T12:40:25.700552,-0.0516,-0.1297,7.231123,4.600
2026-05-13T12:40:25.720528,-0.0516,-0.1297,7.750252,4.600
2026-05-13T12:40:25.742593,-0.0516,-0.1297,8.382949,4.400
2026-05-13T12:40:25.761488,-0.0516,-0.1297,8.938116,4.400
2026-05-13T12:40:25.783546,-0.0516,-0.1297,9.261406,4.400
2026-05-13T12:40:25.802536,-0.0516,-0.1297,9.427415,4.400
2026-05-13T12:40:25.823503,-0.0974,-0.1298,9.491143,4.400
2026-05-13T12:40:25.844488,-0.0974,-0.1298,9.322994,4.600
2026-05-13T12:40:25.864415,-0.0974,-0.1298,8.765892,4.600
2026-05-13T12:40:25.885451,-0.0974,-0.1298,7.879345,4.600
2026-05-13T12:40:25.905368,-0.0974,-0.1298,6.842820,4.600
2026-05-13T12:40:25.925354,-0.0974,-0.1298,5.850874,4.600
2026-05-13T12:40:25.945327,-0.0974,-0.1298,5.147577,4.600
2026-05-13T12:40:25.966305,-0.1433,-0.1263,4.826596,4.600
2026-05-13T12:40:25.987361,-0.1433,-0.1263,5.497988,4.700
2026-05-13T12:40:26.007847,-0.1433,-0.1263,6.183863,4.700
2026-05-13T12:40:26.028327,-0.1433,-0.1263,7.013544,4.500
2026-05-13T12:40:26.048244,-0.1433,-0.1263,7.911616,4.500
2026-05-13T12:40:26.068214,-0.1433,-0.1263,8.259115,4.500
2026-05-13T12:40:26.090265,-0.1433,-0.1263,8.247366,4.600
2026-05-13T12:40:26.109336,-0.1433,-0.1263,8.253667,4.600
2026-05-13T12:40:26.131228,-0.1836,-0.1215,8.225206,4.300
2026-05-13T12:40:26.150147,-0.1836,-0.1215,7.996886,4.300
2026-05-13T12:40:26.171172,-0.1836,-0.1215,7.542319,4.300
2026-05-13T12:40:26.191106,-0.1836,-0.1215,6.615464,4.500
2026-05-13T12:40:26.212088,-0.1836,-0.1215,5.540457,4.500
2026-05-13T12:40:26.233160,-0.2063,-0.1197,4.610603,4.500
2026-05-13T12:40:26.253050,-0.2063,-0.1197,3.661262,4.500
2026-05-13T12:40:26.274434,-0.2063,-0.1197,2.679184,4.700
2026-05-13T12:40:26.294018,-0.2063,-0.1197,2.171171,4.700
2026-05-13T12:40:26.315019,-0.2063,-0.1197,1.816738,4.700
2026-05-13T12:40:26.336090,-0.2063,-0.1197,1.844664,4.600
2026-05-13T12:40:26.355022,-0.2063,-0.1197,2.013772,4.600
2026-05-13T12:40:26.377008,-0.2292,-0.1178,2.384539,4.300
2026-05-13T12:40:26.395921,-0.2292,-0.1178,2.673767,4.300
2026-05-13T12:40:26.417333,-0.2292,-0.1178,2.986570,4.300
2026-05-13T12:40:26.437947,-0.2292,-0.1178,3.272284,4.600
2026-05-13T12:40:26.457863,-0.2292,-0.1178,3.359720,4.600
2026-05-13T12:40:26.478903,-0.2292,-0.1178,3.460309,4.700
2026-05-13T12:40:26.498844,-0.2342,-0.1162,3.389325,4.700
2026-05-13T12:40:26.518807,-0.2342,-0.1162,3.239313,4.700
2026-05-13T12:40:26.539797,-0.2342,-0.1162,3.027297,4.600
2026-05-13T12:40:26.559784,-0.2342,-0.1162,2.736288,4.600
2026-05-13T12:40:26.581825,-0.2342,-0.1162,2.477374,4.600
2026-05-13T12:40:26.600745,-0.2342,-0.1162,2.126255,4.600
2026-05-13T12:40:26.622821,-0.2311,-0.1052,2.206275,4.600
2026-05-13T12:40:26.641708,-0.2311,-0.1052,1.990100,4.600
2026-05-13T12:40:26.662729,-0.2311,-0.1052,1.859806,4.600
2026-05-13T12:40:26.683751,-0.2311,-0.1052,1.623562,4.400
2026-05-13T12:40:26.703650,-0.2311,-0.1052,1.700034,4.400
2026-05-13T12:40:26.724709,-0.2283,-0.0835,1.682718,4.700
2026-05-13T12:40:26.744624,-0.2283,-0.0835,1.786477,4.700
2026-05-13T12:40:26.764600,-0.2283,-0.0835,1.810073,4.700
2026-05-13T12:40:26.785582,-0.2283,-0.0835,1.886541,4.500
2026-05-13T12:40:26.805631,-0.2283,-0.0835,1.807194,4.500
2026-05-13T12:40:26.827661,-0.2283,-0.0835,2.101947,4.500
2026-05-13T12:40:26.846529,-0.2283,-0.0835,2.223109,4.500
2026-05-13T12:40:26.868614,-0.2255,-0.0324,2.443759,4.600
2026-05-13T12:40:26.887495,-0.2255,-0.0324,2.939646,4.600
2026-05-13T12:40:26.908462,-0.2255,-0.0324,3.174990,4.600
2026-05-13T12:40:26.929540,-0.2255,-0.0324,3.695656,4.700
2026-05-13T12:40:26.949459,-0.2255,-0.0324,4.060718,4.700
2026-05-13T12:40:26.970479,-0.2255,-0.0324,4.287167,4.600
2026-05-13T12:40:26.990428,-0.2255,-0.0324,4.525097,4.600
2026-05-13T12:40:27.010388,-0.2214,0.0078,4.650321,4.600
2026-05-13T12:40:27.032422,-0.2214,0.0078,4.803853,4.600
2026-05-13T12:40:27.051342,-0.2214,0.0078,4.564149,4.600
2026-05-13T12:40:27.073392,-0.2214,0.0078,4.540881,4.400
2026-05-13T12:40:27.092305,-0.2214,0.0078,4.151548,4.400
2026-05-13T12:40:27.113279,-0.2214,0.0078,3.873082,4.400
2026-05-13T12:40:27.133259,-0.2214,0.0078,3.452586,4.600
2026-05-13T12:40:27.154250,-0.2166,0.0585,3.056227,4.600
2026-05-13T12:40:27.175307,-0.2166,0.0585,2.625524,4.500
2026-05-13T12:40:27.195211,-0.2166,0.0585,2.233450,4.500
2026-05-13T12:40:27.216272,-0.2166,0.0585,2.296548,4.500
2026-05-13T12:40:27.236170,-0.2166,0.0585,2.247348,4.500
2026-05-13T12:40:27.256160,-0.2168,0.1018,2.405602,4.500
2026-05-13T12:40:27.278195,-0.2168,0.1018,2.426017,4.500
2026-05-13T12:40:27.297110,-0.2168,0.1018,2.659423,4.500
2026-05-13T12:40:27.319167,-0.2168,0.1018,2.859734,4.500
2026-05-13T12:40:27.338075,-0.2168,0.1018,3.139883,4.500
2026-05-13T12:40:27.359059,-0.2168,0.1018,2.989657,4.500
2026-05-13T12:40:27.379071,-0.2179,0.1434,3.006692,4.300
2026-05-13T12:40:27.400072,-0.2179,0.1434,3.252655,4.300
2026-05-13T12:40:27.421148,-0.2179,0.1434,3.341036,4.500
2026-05-13T12:40:27.440985,-0.2179,0.1434,3.364904,4.500
2026-05-13T12:40:27.462017,-0.2179,0.1434,3.028671,4.700
2026-05-13T12:40:27.481930,-0.2179,0.1434,2.727562,4.700
2026-05-13T12:40:27.501910,-0.2179,0.1434,2.516489,4.700
2026-05-13T12:40:27.523982,-0.2218,0.1786,1.967169,4.400
2026-05-13T12:40:27.542876,-0.2218,0.1786,1.768625,4.400
2026-05-13T12:40:27.564929,-0.2218,0.1786,1.519534,4.400
2026-05-13T12:40:27.583849,-0.2218,0.1786,1.360261,4.400
2026-05-13T12:40:27.604820,-0.2218,0.1786,1.004201,4.400
2026-05-13T12:40:27.625881,-0.2218,0.1786,1.089947,4.600
2026-05-13T12:40:27.645792,-0.2218,0.1786,0.947123,4.600
2026-05-13T12:40:27.666972,-0.2218,0.1786,1.050691,4.500
2026-05-13T12:40:27.686755,-0.2293,0.2083,1.060126,4.500
2026-05-13T12:40:27.706734,-0.2293,0.2083,1.075645,4.500
2026-05-13T12:40:27.727728,-0.2293,0.2083,1.143542,4.500
2026-05-13T12:40:27.747699,-0.2293,0.2083,0.905654,4.500
2026-05-13T12:40:27.769767,-0.2293,0.2083,0.821470,4.400
2026-05-13T12:40:27.788669,-0.2293,0.2083,0.657196,4.400
2026-05-13T12:40:27.810819,-0.2175,0.2098,0.837459,4.500
2026-05-13T12:40:27.829662,-0.2175,0.2098,1.408406,4.500
2026-05-13T12:40:27.850613,-0.2175,0.2098,1.882048,4.500
2026-05-13T12:40:27.871664,-0.2175,0.2098,2.659889,4.600
2026-05-13T12:40:27.891575,-0.2175,0.2098,3.312443,4.600
2026-05-13T12:40:27.912630,-0.2175,0.2098,3.568817,4.700
2026-05-13T12:40:27.932552,-0.1763,0.2039,3.635615,4.700
2026-05-13T12:40:27.952522,-0.1763,0.2039,2.984499,4.700
2026-05-13T12:40:27.973504,-0.1763,0.2039,1.586827,4.400
2026-05-13T12:40:27.993488,-0.1763,0.2039,2.126482,4.400
2026-05-13T12:40:28.015528,-0.1763,0.2039,4.454365,4.600
2026-05-13T12:40:28.034464,-0.1763,0.2039,7.171169,4.600
2026-05-13T12:40:28.056496,-0.1763,0.2039,8.745316,4.800
2026-05-13T12:40:28.075416,-0.0997,0.1945,9.471448,4.800
2026-05-13T12:40:28.096387,-0.0997,0.1945,9.112518,4.800
2026-05-13T12:40:28.117438,-0.0997,0.1945,8.469303,4.500
2026-05-13T12:40:28.137361,-0.0997,0.1945,6.798144,4.500
2026-05-13T12:40:28.158441,-0.0997,0.1945,5.247025,4.500
2026-05-13T12:40:28.178318,-0.0997,0.1945,3.234143,4.500
2026-05-13T12:40:28.198297,-0.0997,0.1945,2.738551,4.500
2026-05-13T12:40:28.220554,-0.0997,0.1945,4.324653,4.600
2026-05-13T12:40:28.239268,-0.0248,0.1932,7.241203,4.600
2026-05-13T12:40:28.261309,-0.0248,0.1932,10.642759,4.600
2026-05-13T12:40:28.280234,-0.0248,0.1932,14.728445,4.600
2026-05-13T12:40:28.301194,-0.0248,0.1932,18.597188,4.600
2026-05-13T12:40:28.321183,-0.0248,0.1932,21.192541,4.500
2026-05-13T12:40:28.342157,-0.0248,0.1932,22.414271,4.500
2026-05-13T12:40:28.363219,0.0279,0.1933,22.309766,4.500
2026-05-13T12:40:28.383120,0.0279,0.1933,21.310789,4.500
2026-05-13T12:40:28.404194,0.0279,0.1933,18.973679,4.700
2026-05-13T12:40:28.424107,0.0279,0.1933,15.509121,4.700
2026-05-13T12:40:28.444112,0.0279,0.1933,11.594161,4.700
2026-05-13T12:40:28.466187,0.0279,0.1933,7.614469,4.600
2026-05-13T12:40:28.485107,0.0279,0.1933,4.642423,4.600
2026-05-13T12:40:28.507072,0.0279,0.1933,6.022274,4.700
2026-05-13T12:40:28.526005,0.0728,0.1984,9.819391,4.700
2026-05-13T12:40:28.546976,0.0728,0.1984,13.900193,4.700
2026-05-13T12:40:28.566964,0.0728,0.1984,17.049994,4.800
2026-05-13T12:40:28.587934,0.0728,0.1984,19.076885,4.800
2026-05-13T12:40:28.608983,0.0728,0.1984,19.578967,4.500
2026-05-13T12:40:28.628895,0.0728,0.1984,19.073126,4.500
2026-05-13T12:40:28.649966,0.1110,0.1976,18.163576,4.600
2026-05-13T12:40:28.669900,0.1110,0.1976,16.964103,4.600
2026-05-13T12:40:28.689845,0.1110,0.1976,15.434692,4.600
2026-05-13T12:40:28.711904,0.1110,0.1976,14.112048,4.500
2026-05-13T12:40:28.730804,0.1110,0.1976,12.803401,4.500
2026-05-13T12:40:28.752854,0.1110,0.1976,11.240468,4.600
2026-05-13T12:40:28.771769,0.1110,0.1976,10.056585,4.600
2026-05-13T12:40:28.792758,0.1332,0.2002,8.796745,4.600
2026-05-13T12:40:28.813876,0.1332,0.2002,7.651349,4.600
2026-05-13T12:40:28.833763,0.1332,0.2002,6.576964,4.600
2026-05-13T12:40:28.854782,0.1332,0.2002,5.571340,4.500
2026-05-13T12:40:28.874758,0.1332,0.2002,4.922652,4.500
2026-05-13T12:40:28.894754,0.1332,0.2002,4.541913,4.500
2026-05-13T12:40:28.915647,0.1414,0.2023,4.095887,4.400
2026-05-13T12:40:28.935631,0.1414,0.2023,3.706359,4.400
2026-05-13T12:40:28.957689,0.1414,0.2023,3.610681,4.600
2026-05-13T12:40:28.976588,0.1414,0.2023,3.365437,4.600
2026-05-13T12:40:28.998637,0.1414,0.2023,3.441793,4.700
2026-05-13T12:40:29.017563,0.1390,0.2055,3.301442,4.700
2026-05-13T12:40:29.038531,0.1390,0.2055,3.464782,4.700
2026-05-13T12:40:29.059595,0.1390,0.2055,3.804239,4.600
2026-05-13T12:40:29.079520,0.1390,0.2055,3.927706,4.600
2026-05-13T12:40:29.100550,0.1390,0.2055,4.297235,4.500
2026-05-13T12:40:29.120456,0.1390,0.2055,4.426964,4.500
2026-05-13T12:40:29.140435,0.1390,0.2055,4.822132,4.500
2026-05-13T12:40:29.161473,0.1283,0.2364,5.198279,4.500
2026-05-13T12:40:29.181404,0.1283,0.2364,5.580342,4.500
2026-05-13T12:40:29.203454,0.1283,0.2364,5.774819,4.700
2026-05-13T12:40:29.222375,0.1283,0.2364,6.026138,4.700
2026-05-13T12:40:29.244423,0.1283,0.2364,6.293291,4.700
2026-05-13T12:40:29.263334,0.1283,0.2364,6.509039,4.700
2026-05-13T12:40:29.284321,0.1283,0.2364,6.771503,4.700
2026-05-13T12:40:29.305360,0.1283,0.2364,6.963799,4.500
2026-05-13T12:40:29.325282,0.1108,0.2931,6.932762,4.500
2026-05-13T12:40:29.346324,0.1108,0.2931,7.167979,4.600
2026-05-13T12:40:29.366237,0.1108,0.2931,6.935435,4.600
2026-05-13T12:40:29.386211,0.1108,0.2931,6.801134,4.600
2026-05-13T12:40:29.408280,0.0999,0.3156,6.252375,4.700
2026-05-13T12:40:29.427174,0.0999,0.3156,6.345584,4.700
2026-05-13T12:40:29.449226,0.0999,0.3156,6.146705,4.700
2026-05-13T12:40:29.468162,0.0999,0.3156,5.945925,4.700
2026-05-13T12:40:29.490219,0.0999,0.3156,5.502742,4.500
2026-05-13T12:40:29.509145,0.0999,0.3156,4.899564,4.500
2026-05-13T12:40:29.530156,0.0999,0.3156,3.916154,4.500
2026-05-13T12:40:29.551125,0.0999,0.3156,2.613315,4.700
2026-05-13T12:40:29.571064,0.0743,0.3212,0.971834,4.700
2026-05-13T12:40:29.592100,0.0743,0.3212,2.608608,4.600
2026-05-13T12:40:29.612025,0.0743,0.3212,6.844542,4.600
2026-05-13T12:40:29.631987,0.0743,0.3212,12.326161,4.600
2026-05-13T12:40:29.654033,0.0743,0.3212,18.980869,4.600
2026-05-13T12:40:29.672998,0.0743,0.3212,25.550997,4.600
2026-05-13T12:40:29.695014,0.0213,0.3114,30.374599,4.400
2026-05-13T12:40:29.713918,0.0213,0.3114,32.160274,4.400
2026-05-13T12:40:29.734897,0.0213,0.3114,30.380136,4.400
2026-05-13T12:40:29.754880,0.0213,0.3114,25.225779,4.500
2026-05-13T12:40:29.775861,0.0213,0.3114,18.663793,4.500
2026-05-13T12:40:29.796909,0.0213,0.3114,12.554382,4.700
2026-05-13T12:40:29.816899,0.0213,0.3114,7.200020,4.700
2026-05-13T12:40:29.837920,-0.0536,0.2977,3.099582,4.500
2026-05-13T12:40:29.857794,-0.0536,0.2977,0.925155,4.500
2026-05-13T12:40:29.877782,-0.0536,0.2977,3.355919,4.500
2026-05-13T12:40:29.899821,-0.0536,0.2977,5.390820,4.600
2026-05-13T12:40:29.918740,-0.0536,0.2977,6.675654,4.600
2026-05-13T12:40:29.940788,-0.0536,0.2977,7.286073,4.600
2026-05-13T12:40:29.959710,-0.1281,0.2899,7.256307,4.600
2026-05-13T12:40:29.980686,-0.1281,0.2899,5.987495,4.600
2026-05-13T12:40:30.001750,-0.1281,0.2899,3.607834,4.700
2026-05-13T12:40:30.021656,-0.1281,0.2899,1.636421,4.700
2026-05-13T12:40:30.042694,-0.1281,0.2899,3.610534,4.500
2026-05-13T12:40:30.062599,-0.1281,0.2899,6.047041,4.500
2026-05-13T12:40:30.082589,-0.1281,0.2899,8.071588,4.500
2026-05-13T12:40:30.103564,-0.1281,0.2899,8.913203,4.600
2026-05-13T12:40:30.123559,-0.1946,0.2846,8.594384,4.600
2026-05-13T12:40:30.145598,-0.1946,0.2846,7.531389,4.500
2026-05-13T12:40:30.164557,-0.1946,0.2846,6.350103,4.500
2026-05-13T12:40:30.186563,-0.1946,0.2846,4.827981,4.600
2026-05-13T12:40:30.205471,-0.1946,0.2846,3.630445,4.600
2026-05-13T12:40:30.226464,-0.2287,0.2784,2.750236,4.600
2026-05-13T12:40:30.247521,-0.2287,0.2784,2.259433,4.500
2026-05-13T12:40:30.267424,-0.2287,0.2784,2.123961,4.500
2026-05-13T12:40:30.288477,-0.2287,0.2784,2.388684,4.700
2026-05-13T12:40:30.308381,-0.2287,0.2784,2.788696,4.700
2026-05-13T12:40:30.328370,-0.2287,0.2784,2.726686,4.700
2026-05-13T12:40:30.349349,-0.2287,0.2784,2.712939,4.700
2026-05-13T12:40:30.369345,-0.2473,0.2717,2.574940,4.700
2026-05-13T12:40:30.391385,-0.2473,0.2717,2.648623,4.600
2026-05-13T12:40:30.410297,-0.2473,0.2717,2.592387,4.600
2026-05-13T12:40:30.432350,-0.2473,0.2717,2.507854,4.600
2026-05-13T12:40:30.451259,-0.2473,0.2717,2.591818,4.600
2026-05-13T12:40:30.472238,-0.2473,0.2717,2.385344,4.600
2026-05-13T12:40:30.493293,-0.2473,0.2717,2.349750,4.500
2026-05-13T12:40:30.513209,-0.2467,0.2689,2.414580,4.500
2026-05-13T12:40:30.534265,-0.2467,0.2689,2.217300,4.500
2026-05-13T12:40:30.554200,-0.2467,0.2689,2.174116,4.500
2026-05-13T12:40:30.574185,-0.2467,0.2689,2.375520,4.500
2026-05-13T12:40:30.596265,-0.2467,0.2689,2.349348,4.800
2026-05-13T12:40:30.615101,-0.2467,0.2689,2.248414,4.800
2026-05-13T12:40:30.637161,-0.2471,0.2640,1.987350,4.600
2026-05-13T12:40:30.656075,-0.2471,0.2640,2.210782,4.600
2026-05-13T12:40:30.678667,-0.2471,0.2640,2.208052,4.700
2026-05-13T12:40:30.697037,-0.2471,0.2640,2.342353,4.700
2026-05-13T12:40:30.718012,-0.2471,0.2640,2.018081,4.700
2026-05-13T12:40:30.739061,-0.2471,0.2640,2.015481,4.600
2026-05-13T12:40:30.758976,-0.2471,0.2640,1.888648,4.600
2026-05-13T12:40:30.780108,-0.2471,0.2640,1.649842,4.700
2026-05-13T12:40:30.799933,-0.2466,0.2636,1.438652,4.700
2026-05-13T12:40:30.819966,-0.2466,0.2636,1.269613,4.700
2026-05-13T12:40:30.842016,-0.2466,0.2636,1.383512,4.500
2026-05-13T12:40:30.860882,-0.2466,0.2636,1.409677,4.500
2026-05-13T12:40:30.882956,-0.2466,0.2636,1.634572,4.600
2026-05-13T12:40:30.901840,-0.2466,0.2636,1.190397,4.600
2026-05-13T12:40:30.922825,-0.2463,0.2632,1.077462,4.600
2026-05-13T12:40:30.942799,-0.2463,0.2632,0.950877,4.400
2026-05-13T12:40:30.963793,-0.2463,0.2632,1.033901,4.400
2026-05-13T12:40:30.984832,-0.2463,0.2632,1.097372,4.700
2026-05-13T12:40:31.004735,-0.2463,0.2632,1.183857,4.700
2026-05-13T12:40:31.025788,-0.2463,0.2632,0.903030,4.700
2026-05-13T12:40:31.045718,-0.2463,0.2631,0.811998,4.700
2026-05-13T12:40:31.065682,-0.2463,0.2631,1.059498,4.700
2026-05-13T12:40:31.087743,-0.2463,0.2631,0.681316,4.600
2026-05-13T12:40:31.106652,-0.2463,0.2631,0.858636,4.600
2026-05-13T12:40:31.128699,-0.2463,0.2631,0.783636,4.500
2026-05-13T12:40:31.147612,-0.2463,0.2631,0.731443,4.500
2026-05-13T12:40:31.168657,-0.2464,0.2631,0.672364,4.500
2026-05-13T12:40:31.189649,-0.2464,0.2631,0.571562,4.700
2026-05-13T12:40:31.209557,-0.2464,0.2631,0.595726,4.700
2026-05-13T12:40:31.230619,-0.2464,0.2631,0.558309,4.500
2026-05-13T12:40:31.250523,-0.2464,0.2631,0.649540,4.500
2026-05-13T12:40:31.270500,-0.2464,0.2631,0.328547,4.500
2026-05-13T12:40:31.291493,-0.2464,0.2631,0.584123,4.600
2026-05-13T12:40:31.311470,-0.2464,0.2631,0.485444,4.600
2026-05-13T12:40:31.333517,-0.2462,0.2629,0.615794,4.500
2026-05-13T12:40:31.352425,-0.2462,0.2629,0.493975,4.500
2026-05-13T12:40:31.374480,-0.2462,0.2629,0.526626,4.300
2026-05-13T12:40:31.393387,-0.2462,0.2629,0.488364,4.300
2026-05-13T12:40:31.414369,-0.2462,0.2629,0.504696,4.300
2026-05-13T12:40:31.435418,-0.2462,0.2629,0.519455,4.600
2026-05-13T12:40:31.455324,-0.2462,0.2629,0.541203,4.600
2026-05-13T12:40:31.476384,-0.2462,0.2630,0.501946,4.600
2026-05-13T12:40:31.496290,-0.2462,0.2630,0.513780,4.600
2026-05-13T12:40:31.516277,-0.2462,0.2630,0.542200,4.600
2026-05-13T12:40:31.537276,-0.2462,0.2630,0.321770,4.600
2026-05-13T12:40:31.557230,-0.2462,0.2630,0.469463,4.600
2026-05-13T12:40:31.579299,-0.2462,0.2630,0.320646,4.500
2026-05-13T12:40:31.598236,-0.2462,0.2630,0.554504,4.500
2026-05-13T12:40:31.620381,-0.2462,0.2630,0.367968,4.700
2026-05-13T12:40:31.639807,-0.2462,0.2630,0.403970,4.700
2026-05-13T12:40:31.660177,-0.2462,0.2630,0.384493,4.700
2026-05-13T12:40:31.681195,-0.2462,0.2630,0.520352,4.700
2026-05-13T12:40:31.701101,-0.2462,0.2630,0.227416,4.700
2026-05-13T12:40:31.722168,-0.2462,0.2630,0.323824,4.500
2026-05-13T12:40:31.742071,-0.2462,0.2630,0.308576,4.500
2026-05-13T12:40:31.762042,-0.2462,0.2630,0.345658,4.500
2026-05-13T12:40:31.784090,-0.2462,0.2630,0.251083,4.700
2026-05-13T12:40:31.803096,-0.2462,0.2630,0.327010,4.700
2026-05-13T12:40:31.825133,-0.2462,0.2630,0.295600,4.500
2026-05-13T12:40:31.843966,-0.2462,0.2630,0.201515,4.500
2026-05-13T12:40:31.866325,-0.2462,0.2630,0.307845,4.600
2026-05-13T12:40:31.884931,-0.2462,0.2630,0.305684,4.600
2026-05-13T12:40:31.905906,-0.2462,0.2630,0.437315,4.600
2026-05-13T12:40:31.926979,-0.2462,0.2630,0.156474,4.600
2026-05-13T12:40:31.946865,-0.2462,0.2630,0.490140,4.600
2026-05-13T12:40:31.967915,-0.2462,0.2630,0.176461,4.500
2026-05-13T12:40:31.987827,-0.2462,0.2630,0.296971,4.500
2026-05-13T12:40:32.007817,-0.2462,0.2630,0.306877,4.500
2026-05-13T12:40:32.029876,-0.2462,0.2630,0.146474,4.500
2026-05-13T12:40:32.048769,-0.2462,0.2630,0.221401,4.500
2026-05-13T12:40:32.070824,-0.2462,0.2630,0.451711,4.700
2026-05-13T12:40:32.089737,-0.2462,0.2630,0.057110,4.700
2026-05-13T12:40:32.110717,-0.2462,0.2630,0.372622,4.700
2026-05-13T12:40:32.130711,-0.2462,0.2630,0.308551,4.600
2026-05-13T12:40:32.151695,-0.2462,0.2630,0.113553,4.600
2026-05-13T12:40:32.172770,-0.2462,0.2630,0.366664,4.600
2026-05-13T12:40:32.193309,-0.2462,0.2630,0.261145,4.600
2026-05-13T12:40:32.213705,-0.2462,0.2630,0.231120,4.500
2026-05-13T12:40:32.233608,-0.2462,0.2630,0.366106,4.500
2026-05-13T12:40:32.253586,-0.2462,0.2630,0.028801,4.500
2026-05-13T12:40:32.275635,-0.2462,0.2630,0.343606,4.600
2026-05-13T12:40:32.294558,-0.2462,0.2630,0.344246,4.600
2026-05-13T12:40:32.316604,-0.2462,0.2630,0.126399,4.500
2026-05-13T12:40:32.335538,-0.2462,0.2630,0.279130,4.500
2026-05-13T12:40:32.356498,-0.2462,0.2630,0.206722,4.500
2026-05-13T12:40:32.377545,-0.2462,0.2630,0.414636,4.700
2026-05-13T12:40:32.397452,-0.2462,0.2630,0.196509,4.700
2026-05-13T12:40:32.418509,-0.2462,0.2630,0.227850,4.400
2026-05-13T12:40:32.438427,-0.2462,0.2630,0.108798,4.400
2026-05-13T12:40:32.459477,-0.2462,0.2630,0.128731,4.600
2026-05-13T12:40:32.479390,-0.2462,0.2630,0.395717,4.600
2026-05-13T12:40:32.499360,-0.2462,0.2630,0.027154,4.600
2026-05-13T12:40:32.521413,-0.2462,0.2630,0.165001,4.500
2026-05-13T12:40:32.540332,-0.2462,0.2630,0.079428,4.500
2026-05-13T12:40:32.562558,-0.2462,0.2630,0.103670,4.700
2026-05-13T12:40:32.581292,-0.2462,0.2630,0.272538,4.700
2026-05-13T12:40:32.602271,-0.2462,0.2630,0.235973,4.700
2026-05-13T12:40:32.623355,-0.2462,0.2630,0.212336,4.500
2026-05-13T12:40:32.643275,-0.2462,0.2630,0.241450,4.500
2026-05-13T12:40:32.664387,-0.2462,0.2630,0.239838,4.500
2026-05-13T12:40:32.684279,-0.2462,0.2630,0.291493,4.500
2026-05-13T12:40:32.704194,-0.2462,0.2630,0.082922,4.500
2026-05-13T12:40:32.725155,-0.2462,0.2630,0.117328,4.500
2026-05-13T12:40:32.745148,-0.2462,0.2630,0.081196,4.500
2026-05-13T12:40:32.767189,-0.2462,0.2630,0.132428,4.500
2026-05-13T12:40:32.786102,-0.2462,0.2630,0.121013,4.500
2026-05-13T12:40:32.808311,-0.2462,0.2630,0.172818,4.300
2026-05-13T12:40:32.827103,-0.2462,0.2630,0.142379,4.300
2026-05-13T12:40:32.848072,-0.2462,0.2630,0.172356,4.300
2026-05-13T12:40:32.869100,-0.2462,0.2630,0.043672,4.400
2026-05-13T12:40:32.889013,-0.2462,0.2630,0.146399,4.400
2026-05-13T12:40:32.910048,-0.2462,0.2630,0.203189,4.600
2026-05-13T12:40:32.929971,-0.2462,0.2630,0.119246,4.600
2026-05-13T12:40:32.949953,-0.2462,0.2630,0.221458,4.600
2026-05-13T12:40:32.971992,-0.2462,0.2630,0.119133,4.600
2026-05-13T12:40:32.990917,-0.2462,0.2630,0.300472,4.600
2026-05-13T12:40:33.012962,-0.2462,0.2630,0.154260,4.600
2026-05-13T12:40:33.031882,-0.2462,0.2630,0.193584,4.600
2026-05-13T12:40:33.053938,-0.2462,0.2630,0.029419,4.700
2026-05-13T12:40:33.072840,-0.2462,0.2630,0.169576,4.700
2026-05-13T12:40:33.093819,-0.2462,0.2630,0.093003,4.700
2026-05-13T12:40:33.114889,-0.2462,0.2630,0.120538,4.500
2026-05-13T12:40:33.134777,-0.2462,0.2630,0.015159,4.500
2026-05-13T12:40:33.155852,-0.2462,0.2630,0.178823,4.500
2026-05-13T12:40:33.175789,-0.2462,0.2630,0.046194,4.500
2026-05-13T12:40:33.196361,-0.2462,0.2630,0.076328,4.500
2026-05-13T12:40:33.216787,-0.2462,0.2630,0.165913,4.600
2026-05-13T12:40:33.236715,-0.2462,0.2630,0.070363,4.600
2026-05-13T12:40:33.257758,-0.2462,0.2630,0.190539,4.600
2026-05-13T12:40:33.277657,-0.2462,0.2630,0.168453,4.600
2026-05-13T12:40:33.297653,-0.2462,0.2630,0.179309,4.600
2026-05-13T12:40:33.318624,-0.2462,0.2630,0.083896,4.500
2026-05-13T12:40:33.338613,-0.2462,0.2630,0.225998,4.500
2026-05-13T12:40:33.360662,-0.2462,0.2630,0.114128,4.600
2026-05-13T12:40:33.379573,-0.2462,0.2630,0.079766,4.600
2026-05-13T12:40:33.401617,-0.2462,0.2630,0.094920,4.700
2026-05-13T12:40:33.420541,-0.2462,0.2630,0.157093,4.700
2026-05-13T12:40:33.441513,-0.2462,0.2630,0.160579,4.700
2026-05-13T12:40:33.462562,-0.2462,0.2630,0.148605,4.600
2026-05-13T12:40:33.482477,-0.2462,0.2630,0.139832,4.600
2026-05-13T12:40:33.503528,-0.2462,0.2630,0.111511,4.800
2026-05-13T12:40:33.523439,-0.2462,0.2630,0.193987,4.800
2026-05-13T12:40:33.543430,-0.2462,0.2630,0.299761,4.800
2026-05-13T12:40:33.565470,-0.2462,0.2630,0.317141,4.700
2026-05-13T12:40:33.584380,-0.2462,0.2630,0.155086,4.700
2026-05-13T12:40:33.606439,-0.2462,0.2630,0.114946,4.600
2026-05-13T12:40:33.625346,-0.2462,0.2630,0.077733,4.600
2026-05-13T12:40:33.647386,-0.2462,0.2630,0.070255,4.700
2026-05-13T12:40:33.666356,-0.2462,0.2630,0.192298,4.700
2026-05-13T12:40:33.687327,-0.2462,0.2630,0.191075,4.700
2026-05-13T12:40:33.709404,-0.2462,0.2630,0.448629,4.700
2026-05-13T12:40:33.728321,-0.2462,0.2630,0.117154,4.700
2026-05-13T12:40:33.749310,-0.2462,0.2630,0.133007,4.500
2026-05-13T12:40:33.769213,-0.2462,0.2630,0.085266,4.500
2026-05-13T12:40:33.789189,-0.2462,0.2630,0.276083,4.500
2026-05-13T12:40:33.811313,-0.2462,0.2630,0.274211,4.500
2026-05-13T12:40:33.830186,-0.2462,0.2630,0.136077,4.500
2026-05-13T12:40:33.852224,-0.2462,0.2630,0.139032,4.700
2026-05-13T12:40:33.871118,-0.2462,0.2630,0.239376,4.700
2026-05-13T12:40:33.892115,-0.2462,0.2630,0.300113,4.700
2026-05-13T12:40:33.912089,-0.2462,0.2630,0.278472,4.600
2026-05-13T12:40:33.933085,-0.2462,0.2630,0.318652,4.600
2026-05-13T12:40:33.954116,-0.2462,0.2630,0.303843,4.700
2026-05-13T12:40:33.974038,-0.2462,0.2630,0.285686,4.700
2026-05-13T12:40:33.995087,-0.2462,0.2630,0.272280,4.500
2026-05-13T12:40:34.014993,-0.2462,0.2630,0.106081,4.500
2026-05-13T12:40:34.034988,-0.2462,0.2630,0.099219,4.500
2026-05-13T12:40:34.057028,-0.2462,0.2630,0.098712,4.600
2026-05-13T12:40:34.075944,-0.2462,0.2630,0.151222,4.600
2026-05-13T12:40:34.097986,-0.2462,0.2630,0.102509,4.500
2026-05-13T12:40:34.116914,-0.2462,0.2630,0.040994,4.500
2026-05-13T12:40:34.137880,-0.2462,0.2630,0.061346,4.500
2026-05-13T12:40:34.158938,-0.2462,0.2630,0.148433,4.600
2026-05-13T12:40:34.178894,-0.2462,0.2630,0.127190,4.600
2026-05-13T12:40:34.199895,-0.2462,0.2630,0.013961,4.600
2026-05-13T12:40:34.219810,-0.2462,0.2630,0.108039,4.600
2026-05-13T12:40:34.239807,-0.2462,0.2630,0.182849,4.600
2026-05-13T12:40:34.260766,-0.2462,0.2630,0.040655,4.600
2026-05-13T12:40:34.280754,-0.2462,0.2630,0.099553,4.600
2026-05-13T12:40:34.302813,-0.2462,0.2630,0.126428,4.500
2026-05-13T12:40:34.321717,-0.2462,0.2630,0.180865,4.500
2026-05-13T12:40:34.343769,-0.2462,0.2630,0.108718,4.800
2026-05-13T12:40:34.362675,-0.2462,0.2630,0.252716,4.800
2026-05-13T12:40:34.383672,-0.2462,0.2630,0.209462,4.800
2026-05-13T12:40:34.404710,-0.2462,0.2630,0.120797,4.400
2026-05-13T12:40:34.424633,-0.2462,0.2630,0.113738,4.400
2026-05-13T12:40:34.445679,-0.2462,0.2630,0.210763,4.600
2026-05-13T12:40:34.465585,-0.2462,0.2630,0.199134,4.600
2026-05-13T12:40:34.485564,-0.2462,0.2630,0.293201,4.600
2026-05-13T12:40:34.506558,-0.2462,0.2630,0.167698,4.500
2026-05-13T12:40:34.526528,-0.2462,0.2630,0.162362,4.500
2026-05-13T12:40:34.548594,-0.2462,0.2630,0.243462,4.800
2026-05-13T12:40:34.567512,-0.2462,0.2630,0.286516,4.800
2026-05-13T12:40:34.589550,-0.2462,0.2630,0.343527,4.300
2026-05-13T12:40:34.608465,-0.2462,0.2630,0.136855,4.300
