timestamp,pkt,real,imag,mag
2026-03-09T13:55:23.835720,1,0.4018443524837494,-0.09901222586631775,0.4138626638077981
2026-03-09T13:55:23.835825,2,-0.5187940001487732,0.022129356861114502,0.5192657537576032
2026-03-09T13:55:23.835907,3,0.6079409122467041,0.07770596444606781,0.6128869142785219
2026-03-09T13:55:23.835985,4,-0.5961974859237671,-0.2930169701576233,0.6643119651354881
2026-03-09T13:55:23.836062,5,0.33823540806770325,0.2597159743309021,0.42644528206251214
2026-03-09T13:55:23.836139,6,-0.14149142801761627,-0.13478194177150726,0.19541237430153255
2026-03-09T13:55:23.836213,7,0.17999933660030365,0.046456485986709595,0.18589773066603787
2026-03-09T13:55:23.836288,8,-0.3014030456542969,0.12351340800523758,0.3257289638437983
2026-03-09T13:55:23.836391,9,0.5436936616897583,-0.09147870540618896,0.5513357881585501
2026-03-09T13:55:23.836468,10,-0.6399171352386475,-0.028042703866958618,0.6405312897994971
2026-03-09T13:55:23.850503,11,0.4682840406894684,0.06571358442306519,0.4728723061696286
2026-03-09T13:55:23.871502,12,-0.4288974106311798,0.06229236721992493,0.4333974248423643
2026-03-09T13:55:23.891501,13,0.392058789730072,-0.23511576652526855,0.4571537140540077
2026-03-09T13:55:23.912505,14,-0.15341410040855408,0.24231088161468506,0.2867933917527596
2026-03-09T13:55:23.932504,15,0.2149238884449005,-0.2561560273170471,0.3343773140557353
2026-03-09T13:55:23.953500,16,-0.38164299726486206,0.13792482018470764,0.40580122398077045
2026-03-09T13:55:23.973531,17,0.3114362359046936,-0.048463016748428345,0.3151843794144031
2026-03-09T13:55:23.994511,18,-0.31212061643600464,-0.05541345477104187,0.31700146714810934
2026-03-09T13:55:24.014558,19,0.35241907835006714,0.25239598751068115,0.4334777287204069
2026-03-09T13:55:24.035521,20,-0.2818821668624878,-0.3222813606262207,0.4281621554997353
2026-03-09T13:55:24.055522,21,0.05083519220352173,0.4108496904373169,0.4139827108694373
2026-03-09T13:55:24.076517,22,0.26035821437835693,-0.4016583263874054,0.4786604338679122
2026-03-09T13:55:24.096521,23,-0.29308953881263733,0.3669528067111969,0.4696337297454576
2026-03-09T13:55:24.117516,24,0.1679072231054306,-0.3873738944530487,0.4221982587300646
2026-03-09T13:55:24.137511,25,-0.06093771755695343,0.17238306999206543,0.18283688971578016
2026-03-09T13:55:24.158523,26,0.09782159328460693,0.068075031042099,0.11917748933469692
2026-03-09T13:55:24.178520,27,-0.1606561690568924,-0.03916766867041588,0.1653617577468027
2026-03-09T13:55:24.199521,28,0.07224112004041672,-0.009120438247919083,0.07281457147115544
2026-03-09T13:55:24.218723,29,0.057524800300598145,0.06930622458457947,0.0900691701737718
2026-03-09T13:55:24.239691,30,-0.1783922016620636,-0.1072530522942543,0.2081513748219608
2026-03-09T13:55:24.259658,31,0.3107568025588989,0.08916323632001877,0.32329533409514283
2026-03-09T13:55:24.280633,32,-0.3273318409919739,-0.24602358043193817,0.40947983620166845
2026-03-09T13:55:24.300593,33,0.25005829334259033,0.3679048418998718,0.4448405588104334
2026-03-09T13:55:24.321547,34,-0.02354152500629425,-0.29448649287223816,0.2954259600708996
2026-03-09T13:55:24.341530,35,-0.17848004400730133,0.13484789431095123,0.22369416780270712
2026-03-09T13:55:24.362531,36,0.30814191699028015,0.07120576500892639,0.31626207799379163
2026-03-09T13:55:24.383550,37,-0.35835760831832886,-0.05007447674870491,0.36183923040666743
2026-03-09T13:55:24.403535,38,0.27824777364730835,-0.17722740769386292,0.3298960102480332
2026-03-09T13:55:24.424538,39,-0.053320154547691345,0.1136183887720108,0.1255076776461802
2026-03-09T13:55:24.444537,40,-0.21558107435703278,0.0616515576839447,0.22422335780598163
2026-03-09T13:55:24.465533,41,0.4850657284259796,0.03631232678890228,0.4864230113494326
2026-03-09T13:55:24.485543,42,-0.5857886075973511,-0.3179963231086731,0.6665357862121726
2026-03-09T13:55:24.506653,43,0.4184141159057617,0.4475212097167969,0.6126545564472572
2026-03-09T13:55:24.526552,44,-0.3688907027244568,-0.417517751455307,0.5571368084562706
2026-03-09T13:55:24.547558,45,0.27932488918304443,0.3154223561286926,0.42132369558677313
2026-03-09T13:55:24.567547,46,-0.27126017212867737,-0.23561382293701172,0.35929925485905645
2026-03-09T13:55:24.588548,47,0.18046042323112488,-0.03190317749977112,0.18325877083331815
2026-03-09T13:55:24.608552,48,-0.12571020424365997,0.28749406337738037,0.3137768186597281
2026-03-09T13:55:24.629549,49,0.15773935616016388,-0.11702550947666168,0.19640945585713349
2026-03-09T13:55:24.649548,50,-0.1973295956850052,-0.23738263547420502,0.3086899495576215
2026-03-09T13:55:24.670552,51,0.3257398307323456,0.11298073828220367,0.34477686196775004
2026-03-09T13:55:24.690551,52,-0.16543561220169067,0.051801420748233795,0.17335607568263575
2026-03-09T13:55:24.711586,53,-0.03564459830522537,0.10586527734994888,0.11170494320629895
2026-03-09T13:55:24.731559,54,0.13277912139892578,-0.23424115777015686,0.269256782779885
2026-03-09T13:55:24.752564,55,-0.2530114948749542,0.15759122371673584,0.2980768530620875
2026-03-09T13:55:24.772559,56,0.2170078307390213,-0.07959572970867157,0.23114471395623915
2026-03-09T13:55:24.792564,57,-0.04751412570476532,0.07450637221336365,0.08836736751699989
2026-03-09T13:55:24.813562,58,-0.17308937013149261,-0.2676931917667389,0.31877825360394474
2026-03-09T13:55:24.833557,59,0.2452428936958313,0.4834103286266327,0.5420605341944881
2026-03-09T13:55:24.853752,60,-0.4752635955810547,-0.37690964341163635,0.6065775833158683
2026-03-09T13:55:24.873722,61,0.534991443157196,0.1864245980978012,0.5665421211413553
2026-03-09T13:55:24.894685,62,-0.3840572237968445,-0.11287861317396164,0.4003018017229205
2026-03-09T13:55:24.914655,63,0.2793394923210144,0.21712855994701385,0.35380130513443003
2026-03-09T13:55:24.935627,64,-0.1567627191543579,-0.07647177577018738,0.17442041912033668
2026-03-09T13:55:24.955615,65,-0.08583857119083405,0.018202314153313637,0.0877472765652576
2026-03-09T13:55:24.976598,66,0.17757798731327057,0.18845175206661224,0.2589362941636571
2026-03-09T13:55:24.997579,67,0.10862710326910019,-0.19805088639259338,0.2258849290358427
2026-03-09T13:55:25.018575,68,-0.3358643054962158,0.31528589129447937,0.46066259339760773
2026-03-09T13:55:25.038581,69,0.12412098050117493,0.2516876459121704,0.28062909490176374
2026-03-09T13:55:25.059576,70,-0.19605723023414612,0.08038866519927979,0.2118980297681101
2026-03-09T13:55:25.079579,71,-0.06210087239742279,0.30680257081985474,0.31302449714709707
2026-03-09T13:55:25.100599,72,-0.138275146484375,-0.014267424121499062,0.1390092641745078
2026-03-09T13:55:25.120590,73,-0.27525559067726135,-0.2178761214017868,0.3510493476367307
2026-03-09T13:55:25.141588,74,0.08406483381986618,-0.3996829688549042,0.40842792739702805
2026-03-09T13:55:25.161583,75,-0.10801579058170319,-0.3683541417121887,0.383864800068349
2026-03-09T13:55:25.182605,76,0.7620736956596375,-1.0044684410095215,1.260838279320721
2026-03-09T13:55:25.202589,77,1.2018978595733643,-1.3579485416412354,1.81344498306196
2026-03-09T13:55:25.223596,78,2.3155510425567627,-2.7419824600219727,3.5889057443396113
2026-03-09T13:55:25.243597,79,3.8689730167388916,-4.802781581878662,6.167305986205529
2026-03-09T13:55:25.263590,80,4.781646251678467,-6.7454633712768555,8.268338222970106
2026-03-09T13:55:25.284634,81,5.339427947998047,-8.136492729187012,9.732009286060908
2026-03-09T13:55:25.304597,82,5.668510437011719,-10.045385360717773,11.534373741986764
2026-03-09T13:55:25.325597,83,7.151778221130371,-12.678733825683594,14.55672432749786
2026-03-09T13:55:25.345591,84,9.56225872039795,-17.621429443359375,20.048729821689935
2026-03-09T13:55:25.366598,85,13.61055850982666,-25.116222381591797,28.56697270749891
2026-03-09T13:55:25.386598,86,18.832965850830078,-34.82345199584961,39.58981449370247
2026-03-09T13:55:25.407599,87,25.349964141845703,-46.283538818359375,52.77107775612927
2026-03-09T13:55:25.427611,88,32.04296875,-59.21112060546875,67.32539379512639
2026-03-09T13:55:25.448604,89,38.907958984375,-72.11317443847656,81.93985110996942
2026-03-09T13:55:25.468602,90,45.35284423828125,-85.29225158691406,96.6004589081607
2026-03-09T13:55:25.488819,91,53.43577575683594,-101.50758361816406,114.71343279116628
2026-03-09T13:55:25.508819,92,67.47122955322266,-127.28378295898438,144.0608490248947
2026-03-09T13:55:25.529749,93,86.46878051757812,-164.0417938232422,185.43613489539788
2026-03-09T13:55:25.549717,94,111.29388427734375,-211.6981658935547,239.1703203163674
2026-03-09T13:55:25.570673,95,137.4909210205078,-261.244873046875,295.216254729216
2026-03-09T13:55:25.590648,96,154.39981079101562,-295.5810852050781,333.47785459204493
2026-03-09T13:55:25.611611,97,154.28431701660156,-298.3409423828125,335.87344101483205
2026-03-09T13:55:25.632623,98,137.19155883789062,-267.0430603027344,300.22245064655016
2026-03-09T13:55:25.653625,99,107.96684265136719,-208.16769409179688,234.50080591674094
2026-03-09T13:55:25.673612,100,71.48884582519531,-129.55545043945312,147.97050319569823
2026-03-09T13:55:25.694623,101,30.490358352661133,-46.146759033203125,55.30990256493141
2026-03-09T13:55:25.714663,102,-8.74323844909668,18.505861282348633,20.467318348510943
2026-03-09T13:55:25.735626,103,-38.25386047363281,55.82315444946289,67.67261199203675
2026-03-09T13:55:25.755621,104,-55.15833282470703,73.48037719726562,91.87930949377878
2026-03-09T13:55:25.775622,105,-62.263206481933594,79.92277526855469,101.3131624619417
2026-03-09T13:55:25.796627,106,-63.45998764038086,81.49661254882812,103.29021196730648
2026-03-09T13:55:25.816625,107,-61.95243453979492,80.97464752197266,101.95586146325913
2026-03-09T13:55:25.837632,108,-59.71391296386719,79.23089599609375,99.21333721733248
2026-03-09T13:55:25.857623,109,-56.280860900878906,77.03453063964844,95.40363837199824
2026-03-09T13:55:25.878630,110,-52.476497650146484,74.20314025878906,90.88393053720417
2026-03-09T13:55:25.898747,111,-49.31427764892578,71.67870330810547,87.00422109281106
2026-03-09T13:55:25.919646,112,-47.11274719238281,69.30552673339844,83.80254759735637
2026-03-09T13:55:25.939790,113,-44.53256607055664,66.63880920410156,80.14911311405226
2026-03-09T13:55:25.960743,114,-41.78535842895508,64.0847396850586,76.50405243866479
2026-03-09T13:55:25.980670,115,-39.37525939941406,61.178672790527344,72.75466347377024
2026-03-09T13:55:26.001638,116,-37.257423400878906,59.054931640625,69.82550071106724
2026-03-09T13:55:26.021644,117,-35.36505126953125,56.82986068725586,66.93519191747703
2026-03-09T13:55:26.042646,118,-33.41053771972656,54.37920379638672,63.822894295466035
2026-03-09T13:55:26.062642,119,-31.868610382080078,52.35607147216797,61.292467299690124
2026-03-09T13:55:26.083647,120,-30.267433166503906,50.109413146972656,58.54118888801949
2026-03-09T13:55:26.103645,121,-28.354698181152344,48.416900634765625,56.108690735224
2026-03-09T13:55:26.124645,122,-26.902992248535156,46.51662063598633,53.736086453304466
2026-03-09T13:55:26.143828,123,-25.403961181640625,44.611305236816406,51.33741129674058
2026-03-09T13:55:26.164808,124,-24.231229782104492,43.3310432434082,49.64606535582915
2026-03-09T13:55:26.184764,125,-23.21489715576172,42.03350067138672,48.01819060152164
2026-03-09T13:55:26.205720,126,-21.939374923706055,40.373390197753906,45.94939399059615
2026-03-09T13:55:26.225696,127,-20.894546508789062,38.78879165649414,44.05851145895488
2026-03-09T13:55:26.246658,128,-19.898029327392578,37.368934631347656,42.33637734378922
2026-03-09T13:55:26.266654,129,-18.597143173217773,35.872589111328125,40.40663786750065
2026-03-09T13:55:26.287655,130,-17.724742889404297,34.68041229248047,38.94736842550365
2026-03-09T13:55:26.308656,131,-16.788209915161133,33.62290954589844,37.581166007552014
2026-03-09T13:55:26.328657,132,-15.842718124389648,32.88261795043945,36.50011343603506
2026-03-09T13:55:26.349659,133,-14.970706939697266,32.325355529785156,35.62373754115803
2026-03-09T13:55:26.369657,134,-14.471158027648926,32.07044219970703,35.1841964175102
2026-03-09T13:55:26.390664,135,-13.227123260498047,31.048599243164062,33.74866374704362
2026-03-09T13:55:26.410663,136,-12.684677124023438,30.68509292602539,33.203553448682825
2026-03-09T13:55:26.431677,137,-12.354349136352539,30.85628890991211,33.23763691773017
2026-03-09T13:55:26.451666,138,-12.042285919189453,31.166545867919922,33.41212701245859
2026-03-09T13:55:26.472669,139,-11.84122085571289,32.332847595214844,34.43294272886301
2026-03-09T13:55:26.492667,140,-12.495342254638672,34.33269119262695,36.535835320803095
2026-03-09T13:55:26.513771,141,-13.992942810058594,38.19391632080078,40.676500493600756
2026-03-09T13:55:26.533685,142,-17.052345275878906,44.31050491333008,47.478451165576566
2026-03-09T13:55:26.554674,143,-22.344772338867188,51.878807067871094,56.48627686138639
2026-03-09T13:55:26.574675,144,-30.581073760986328,58.20518493652344,65.7498716794929
2026-03-09T13:55:26.595675,145,-40.287208557128906,59.681617736816406,72.00662934070084
2026-03-09T13:55:26.615742,146,-46.95264434814453,51.389862060546875,69.60940118895854
2026-03-09T13:55:26.636685,147,-43.469146728515625,30.788928985595703,53.26842277921579
2026-03-09T13:55:26.656691,148,-21.7161865234375,-1.3824844360351562,21.760147525616823
2026-03-09T13:55:26.677681,149,23.354785919189453,-42.244354248046875,48.27039974110061
2026-03-09T13:55:26.697685,150,85.7711181640625,-90.32167053222656,124.5579739673284
2026-03-09T13:55:26.718750,151,140.24114990234375,-141.53895568847656,199.2507367698202
2026-03-09T13:55:26.738693,152,155.2134552001953,-184.9641876220703,241.46007408653603
2026-03-09T13:55:26.758878,153,141.7784423828125,-206.1942138671875,250.23425136620276
2026-03-09T13:55:26.778852,154,127.48235321044922,-214.21994018554688,249.28283766270997
2026-03-09T13:55:26.799827,155,125.18064880371094,-228.5647735595703,260.5994062680413
2026-03-09T13:55:26.819808,156,131.65032958984375,-251.4661865234375,283.84335864302824
2026-03-09T13:55:26.840910,157,132.59219360351562,-260.0755310058594,291.9245992248202
2026-03-09T13:55:26.860855,158,111.51765441894531,-225.03704833984375,251.15306164292022
2026-03-09T13:55:26.881733,159,64.22261047363281,-141.23753356933594,155.15342272988136
2026-03-09T13:55:26.901698,160,10.092694282531738,-42.94158935546875,44.111705637555616
2026-03-09T13:55:26.922698,161,-28.863983154296875,27.456514358520508,39.83703935097558
2026-03-09T13:55:26.943698,162,-47.302398681640625,61.10123825073242,77.27145809941497
2026-03-09T13:55:26.963699,163,-53.00822830200195,72.25405883789062,89.61317585191657
2026-03-09T13:55:26.984801,164,-53.01068115234375,74.2905502319336,91.26455045634587
2026-03-09T13:55:27.004758,165,-51.205509185791016,73.04022216796875,89.20133533374016
2026-03-09T13:55:27.025716,166,-48.932586669921875,71.17167663574219,86.37016610700749
2026-03-09T13:55:27.045732,167,-46.75877380371094,69.14895629882812,83.47431392257049
2026-03-09T13:55:27.066716,168,-44.645286560058594,66.66519165039062,80.23371728776537
2026-03-09T13:55:27.086713,169,-41.98845672607422,63.9050178527832,76.46490570844868
2026-03-09T13:55:27.107725,170,-39.035003662109375,60.22138214111328,71.76591376055133
2026-03-09T13:55:27.127710,171,-35.712623596191406,56.017704010009766,66.43323450409676
2026-03-09T13:55:27.148711,172,-30.70875358581543,49.75157928466797,58.46577792275525
2026-03-09T13:55:27.168725,173,-23.27066421508789,37.53978729248047,44.167402492970425
2026-03-09T13:55:27.189716,174,-10.395034790039062,16.007225036621094,19.086330230276108
2026-03-09T13:55:27.209711,175,8.788103103637695,-16.879257202148438,19.02997845128697
2026-03-09T13:55:27.229723,176,29.763362884521484,-53.34367752075195,61.08523308978765
2026-03-09T13:55:27.250724,177,44.263389587402344,-77.52363586425781,89.27016173044719
2026-03-09T13:55:27.270807,178,46.20609664916992,-79.23675537109375,91.72495172683922
2026-03-09T13:55:27.291747,179,36.362754821777344,-59.287132263183594,69.55008260398341
2026-03-09T13:55:27.311727,180,19.00417709350586,-27.480106353759766,33.41130036702074
2026-03-09T13:55:27.332728,181,-0.9293943643569946,6.11232852935791,6.182583111879789
2026-03-09T13:55:27.352726,182,-17.720903396606445,32.4649543762207,36.98653376354629
2026-03-09T13:55:27.373726,183,-27.874906539916992,47.91992950439453,55.43762313010225
2026-03-09T13:55:27.392942,184,-32.82687759399414,54.246612548828125,63.40582674797129
2026-03-09T13:55:27.413905,185,-34.19224548339844,56.17809295654297,65.76539956109872
2026-03-09T13:55:27.433894,186,-33.772499084472656,56.30268096923828,65.6549585235916
2026-03-09T13:55:27.454858,187,-32.73295974731445,54.81203842163086,63.84204108386296
2026-03-09T13:55:27.474828,188,-31.482683181762695,52.660888671875,61.35412403445147
2026-03-09T13:55:27.495796,189,-29.74709701538086,50.24678421020508,58.39202945873174
2026-03-09T13:55:27.515809,190,-27.816917419433594,47.64929962158203,55.17460148607225
2026-03-09T13:55:27.536752,191,-25.09711265563965,44.577064514160156,51.156424272514045
2026-03-09T13:55:27.557749,192,-21.7589111328125,40.93482971191406,46.35849973013616
2026-03-09T13:55:27.578756,193,-18.083343505859375,36.51166534423828,40.7444354306273
2026-03-09T13:55:27.598743,194,-14.665151596069336,32.38861083984375,35.55402626244374
2026-03-09T13:55:27.619743,195,-12.304689407348633,29.541717529296875,32.00185082135226
2026-03-09T13:55:27.639746,196,-11.52961540222168,28.376249313354492,30.62912921414513
2026-03-09T13:55:27.660751,197,-12.187865257263184,28.992334365844727,31.449952488201696
2026-03-09T13:55:27.680751,198,-13.408071517944336,30.269079208374023,33.105793117717795
2026-03-09T13:55:27.701747,199,-14.600653648376465,31.291391372680664,34.530135548504916
2026-03-09T13:55:27.721771,200,-15.009178161621094,31.77828025817871,35.14448072250655
2026-03-09T13:55:27.741775,201,-15.072059631347656,31.524768829345703,34.94249606531545
2026-03-09T13:55:27.762755,202,-14.491920471191406,30.80065155029297,34.03962242543094
2026-03-09T13:55:27.782754,203,-13.559700965881348,29.566692352294922,32.52775410229514
2026-03-09T13:55:27.803828,204,-13.147527694702148,28.358579635620117,31.258063334646437
2026-03-09T13:55:27.823764,205,-12.790969848632812,27.4654483795166,30.297850820751705
2026-03-09T13:55:27.844764,206,-12.993268966674805,27.046817779541016,30.005922589383093
2026-03-09T13:55:27.864763,207,-13.421598434448242,26.353845596313477,29.574727086651446
2026-03-09T13:55:27.885763,208,-14.065024375915527,25.835304260253906,29.415775647006004
2026-03-09T13:55:27.905776,209,-15.094867706298828,25.967504501342773,30.03608365113402
2026-03-09T13:55:27.926767,210,-15.785725593566895,25.967449188232422,30.389102485246674
2026-03-09T13:55:27.946764,211,-15.985273361206055,26.453929901123047,30.90856469728117
2026-03-09T13:55:27.967778,212,-15.86433219909668,26.316530227661133,30.728436330973594
2026-03-09T13:55:27.987774,213,-15.162092208862305,25.861129760742188,29.97810989125212
2026-03-09T13:55:28.008769,214,-13.990509033203125,25.266796112060547,28.881574208768058
2026-03-09T13:55:28.027979,215,-13.120882034301758,24.764156341552734,28.025363238804402
2026-03-09T13:55:28.049003,216,-12.353920936584473,24.281213760375977,27.243287323383935
2026-03-09T13:55:28.068932,217,-11.45081901550293,23.84992218017578,26.45638002687148
2026-03-09T13:55:28.089894,218,-10.759774208068848,23.609731674194336,25.9459470965328
2026-03-09T13:55:28.109868,219,-10.137513160705566,23.079904556274414,25.208156763440975
2026-03-09T13:55:28.130844,220,-9.52320384979248,22.71408462524414,24.629678274948184
2026-03-09T13:55:28.150820,221,-8.838310241699219,22.129100799560547,23.828823515348727
2026-03-09T13:55:28.171792,222,-8.477156639099121,21.616607666015625,23.219386548103888
2026-03-09T13:55:28.191788,223,-8.884689331054688,21.526077270507812,23.28754403463856
2026-03-09T13:55:28.212781,224,-9.455160140991211,21.997821807861328,23.94377199987939
2026-03-09T13:55:28.233787,225,-10.950583457946777,23.673259735107422,26.083299341826294
2026-03-09T13:55:28.253837,226,-14.20063304901123,26.987865447998047,30.495948262546566
2026-03-09T13:55:28.274817,227,-19.664155960083008,31.647911071777344,37.25948610528056
2026-03-09T13:55:28.294814,228,-26.811988830566406,35.570281982421875,44.54354841455072
2026-03-09T13:55:28.315815,229,-33.75871276855469,34.98377227783203,48.61599541896665
2026-03-09T13:55:28.335815,230,-34.409637451171875,25.103679656982422,42.593636635552535
2026-03-09T13:55:28.356819,231,-19.006938934326172,2.679342746734619,19.194858822291025
2026-03-09T13:55:28.376825,232,18.098936080932617,-29.853540420532227,34.911393024370085
2026-03-09T13:55:28.397827,233,69.17715454101562,-67.3390884399414,96.54031045275238
2026-03-09T13:55:28.417824,234,114.9522476196289,-111.54644775390625,160.17686861503884
2026-03-09T13:55:28.438844,235,139.181396484375,-162.89535522460938,214.25769036627943
2026-03-09T13:55:28.458833,236,137.27706909179688,-198.18963623046875,241.08945561264082
2026-03-09T13:55:28.479831,237,120.78500366210938,-200.59823608398438,234.1552250744401
2026-03-09T13:55:28.499832,238,101.40156555175781,-182.68203735351562,208.9377999979389
2026-03-09T13:55:28.520835,239,80.63389587402344,-152.67144775390625,172.65687395263643
2026-03-09T13:55:28.540845,240,56.17374801635742,-112.29218292236328,125.55884800233999
2026-03-09T13:55:28.561837,241,30.58847427368164,-67.68142700195312,74.27267545613523
2026-03-09T13:55:28.581844,242,8.397623062133789,-28.37497329711914,29.591539039156203
2026-03-09T13:55:28.602839,243,-8.84783935546875,2.148874282836914,9.105049255419738
2026-03-09T13:55:28.622840,244,-20.09966468811035,22.707429885864258,30.325301195468967
2026-03-09T13:55:28.643846,245,-26.679677963256836,34.85101318359375,43.89075456341708
2026-03-09T13:55:28.663851,246,-29.499359130859375,41.2765998840332,50.734306806321754
2026-03-09T13:55:28.684049,247,-30.66750717163086,44.403953552246094,53.96486900931067
2026-03-09T13:55:28.704018,248,-31.212663650512695,45.18503952026367,54.9173758350472
2026-03-09T13:55:28.725032,249,-30.804819107055664,44.800392150878906,54.369219390119575
2026-03-09T13:55:28.744961,250,-30.36663818359375,44.04370880126953,53.49748591797862
2026-03-09T13:55:28.765916,251,-29.579132080078125,43.19824981689453,52.35469264405565
2026-03-09T13:55:28.785870,252,-28.33182144165039,42.24065399169922,50.86221540444356
2026-03-09T13:55:28.806852,253,-27.205596923828125,41.035247802734375,49.234500771447074
2026-03-09T13:55:28.827857,254,-25.838037490844727,40.03268814086914,47.64682886785208
2026-03-09T13:55:28.847855,255,-24.681766510009766,38.546653747558594,45.77154261316536
2026-03-09T13:55:28.868861,256,-23.542760848999023,36.887786865234375,43.760374863660836
2026-03-09T13:55:28.888858,257,-22.51976776123047,35.613929748535156,42.136586622000515
2026-03-09T13:55:28.909861,258,-21.368608474731445,34.797828674316406,40.835111222983606
2026-03-09T13:55:28.929855,259,-20.157224655151367,33.366058349609375,38.982144060938715
2026-03-09T13:55:28.950861,260,-18.755359649658203,32.19243240356445,37.257431737119155
2026-03-09T13:55:28.970889,261,-17.931074142456055,31.34471893310547,36.11114543873728
2026-03-09T13:55:28.991868,262,-16.73537826538086,30.246606826782227,34.567761139815396
2026-03-09T13:55:29.011866,263,-15.628600120544434,29.254623413085938,33.16754637849109
2026-03-09T13:55:29.032871,264,-14.774454116821289,27.924997329711914,31.592561946041588
2026-03-09T13:55:29.052868,265,-14.121036529541016,26.96417999267578,30.43798080270846
2026-03-09T13:55:29.073866,266,-13.362380027770996,26.131362915039062,29.3496393130146
2026-03-09T13:55:29.093874,267,-12.482758522033691,25.06264877319336,27.99920755749804
2026-03-09T13:55:29.114877,268,-11.788768768310547,24.010231018066406,26.748201109861807
2026-03-09T13:55:29.134875,269,-11.051886558532715,23.019710540771484,25.535294591674127
2026-03-09T13:55:29.155879,270,-10.566499710083008,21.763723373413086,24.19319266235094
2026-03-09T13:55:29.175878,271,-9.893752098083496,20.95155143737793,23.170106564524573
2026-03-09T13:55:29.195879,272,-9.36207389831543,19.937040328979492,22.02575775670099
2026-03-09T13:55:29.216885,273,-8.895614624023438,19.332225799560547,21.28066995901055
2026-03-09T13:55:29.236893,274,-8.283227920532227,18.47400665283203,20.246006682611927
2026-03-09T13:55:29.257881,275,-7.671663761138916,17.771778106689453,19.356924392510777
2026-03-09T13:55:29.277897,276,-7.251704216003418,17.169227600097656,18.63785369672047
2026-03-09T13:55:29.298094,277,-6.762471675872803,16.670623779296875,17.990017241732716
2026-03-09T13:55:29.318056,278,-6.3156046867370605,15.818103790283203,17.032300786426564
2026-03-09T13:55:29.339033,279,-6.250844955444336,15.30316162109375,16.53057223021395
2026-03-09T13:55:29.359009,280,-5.6222991943359375,14.560232162475586,15.60803026828879
2026-03-09T13:55:29.379982,281,-5.536297798156738,14.100388526916504,15.148318385876161
2026-03-09T13:55:29.399953,282,-5.067070960998535,13.2525053024292,14.188167778635432
2026-03-09T13:55:29.420917,283,-4.60013484954834,12.722423553466797,13.528536569335053
2026-03-09T13:55:29.441894,284,-4.518993854522705,12.360313415527344,13.160495932421362
2026-03-09T13:55:29.461894,285,-4.251022815704346,11.567181587219238,12.323590582753985
2026-03-09T13:55:29.482899,286,-4.084963798522949,11.416252136230469,12.125087301674565
2026-03-09T13:55:29.503957,287,-3.8579163551330566,11.047233581542969,11.701490862636856
2026-03-09T13:55:29.523914,288,-3.576173782348633,10.658327102661133,11.242284267393286
2026-03-09T13:55:29.544931,289,-3.4518966674804688,10.324499130249023,10.886269925620786
2026-03-09T13:55:29.564903,290,-3.274325370788574,10.045869827270508,10.566016620290435
2026-03-09T13:55:29.585914,291,-3.1516525745391846,9.79248332977295,10.287159166382164
2026-03-09T13:55:29.605889,292,-2.856735944747925,9.509550094604492,9.929374766812215
2026-03-09T13:55:29.626887,293,-2.9073052406311035,9.31245231628418,9.755726108561456
2026-03-09T13:55:29.646894,294,-2.5718917846679688,9.071451187133789,9.428990083386111
2026-03-09T13:55:29.667895,295,-2.310051679611206,8.84433364868164,9.14103804016135
2026-03-09T13:55:29.687891,296,-1.9860461950302124,8.488518714904785,8.717759429009426
2026-03-09T13:55:29.707947,297,-2.088865041732788,8.358194351196289,8.615263778604975
2026-03-09T13:55:29.728924,298,-1.7853686809539795,8.071433067321777,8.26653331736991
2026-03-09T13:55:29.748914,299,-1.750179409980774,7.7862958908081055,7.980572139034634
2026-03-09T13:55:29.769910,300,-1.497833490371704,7.475587844848633,7.624166760435379
2026-03-09T13:55:29.789917,301,-1.545722484588623,7.3689446449279785,7.52931624912751
2026-03-09T13:55:29.810932,302,-1.379772424697876,7.14782190322876,7.2797754020459635
2026-03-09T13:55:29.830926,303,-1.3713765144348145,6.852246284484863,6.988129412623953
2026-03-09T13:55:29.851922,304,-1.2998250722885132,6.648032188415527,6.7739115137975325
2026-03-09T13:55:29.871922,305,-1.3005694150924683,6.522696495056152,6.651093922813884
2026-03-09T13:55:29.892926,306,-1.1228382587432861,6.163547515869141,6.264988725901612
2026-03-09T13:55:29.912923,307,-1.0698579549789429,5.821484088897705,5.918975674989793
2026-03-09T13:55:29.933924,308,-0.9361112117767334,5.606301307678223,5.68391753575724
2026-03-09T13:55:29.953115,309,-0.84360671043396,5.297739028930664,5.364486098457561
2026-03-09T13:55:29.974104,310,-0.5424041748046875,5.214248180389404,5.2423836539822
2026-03-09T13:55:29.994057,311,-0.6602157950401306,4.9700164794921875,5.013676166491448
2026-03-09T13:55:30.015019,312,-0.48559659719467163,4.712523460388184,4.737476271171821
2026-03-09T13:55:30.034985,313,-0.4121493697166443,4.449732303619385,4.4687788798319055
2026-03-09T13:55:30.055949,314,-0.4419839382171631,4.363212585449219,4.385541456589415
2026-03-09T13:55:30.076959,315,-0.2666689157485962,4.154156684875488,4.1627070606904635
2026-03-09T13:55:30.097950,316,-0.25255274772644043,3.7868759632110596,3.7952881907873435
2026-03-09T13:55:30.117946,317,-0.2560182809829712,3.7179782390594482,3.726782465655471
2026-03-09T13:55:30.138975,318,-0.32842010259628296,3.140814781188965,3.1579387665888072
2026-03-09T13:55:30.158951,319,-0.16570612788200378,3.015753984451294,3.0203030668380784
2026-03-09T13:55:30.178943,320,-0.22519518435001373,2.713207244873047,2.722536762779527
2026-03-09T13:55:30.199944,321,0.09054224193096161,2.636854410171509,2.638408436541776
2026-03-09T13:55:30.219944,322,0.1556650996208191,2.382021903991699,2.387102841172998
2026-03-09T13:55:30.240963,323,0.08754238486289978,2.412396192550659,2.4139840635307435
2026-03-09T13:55:30.260993,324,0.18213386833667755,2.443002462387085,2.449782393851471
2026-03-09T13:55:30.281948,325,0.06337079405784607,2.108912467956543,2.109864368873525
2026-03-09T13:55:30.302065,326,0.04034002125263214,2.113407611846924,2.1137925752370266
2026-03-09T13:55:30.322967,327,0.031704530119895935,1.9697265625,1.9699817025160893
2026-03-09T13:55:30.343006,328,0.0020835772156715393,1.9316143989562988,1.9316155227035523
2026-03-09T13:55:30.363975,329,0.056562475860118866,1.8372557163238525,1.838126187409368
2026-03-09T13:55:30.384046,330,-0.062142521142959595,1.7104436159133911,1.7115721007754476
2026-03-09T13:55:30.404960,331,0.13453409075737,1.6753852367401123,1.6807781272561333
2026-03-09T13:55:30.424935,332,-0.02153325080871582,1.4452208280563354,1.4453812378532631
2026-03-09T13:55:30.445931,333,0.2247007191181183,1.750145673751831,1.7645113466692273
2026-03-09T13:55:30.465922,334,0.059166599065065384,1.5696613788604736,1.5707760918511235
2026-03-09T13:55:30.486928,335,0.152555450797081,1.3530206680297852,1.361593953307544
2026-03-09T13:55:30.506927,336,0.1632758378982544,1.3010878562927246,1.3112927243883323
2026-03-09T13:55:30.527929,337,0.00732932984828949,1.4184155464172363,1.4184344825878041
2026-03-09T13:55:30.547942,338,0.1670774668455124,1.2694820165634155,1.280429408560046
2026-03-09T13:55:30.568129,339,0.11243218183517456,1.4577597379684448,1.4620890701848661
2026-03-09T13:55:30.588100,340,0.21364504098892212,1.0252487659454346,1.0472722834162063
2026-03-09T13:55:30.609087,341,0.1438203752040863,1.3222087621688843,1.3300076357224486
2026-03-09T13:55:30.629044,342,0.12927435338497162,1.0261108875274658,1.0342221289188827
2026-03-09T13:55:30.650010,343,0.14435061812400818,0.9932901859283447,1.0037243119573964
2026-03-09T13:55:30.670080,344,0.20216242969036102,1.101619005203247,1.1200152144517064
2026-03-09T13:55:30.690968,345,0.21977216005325317,0.7512584924697876,0.782744610228937
2026-03-09T13:55:30.711975,346,0.030266473069787025,0.859481692314148,0.8600144410504256
2026-03-09T13:55:30.731953,347,0.08825638890266418,0.9118118286132812,0.9160731417202636
2026-03-09T13:55:30.752950,348,0.2166641354560852,0.8593121767044067,0.8862058252039412
2026-03-09T13:55:30.772946,349,0.06171387434005737,0.9168161749839783,0.9188909081051532
2026-03-09T13:55:30.793942,350,0.3325563371181488,0.890413761138916,0.9504895493286554
2026-03-09T13:55:30.813948,351,-0.12912628054618835,0.5861821174621582,0.6002358462805369
2026-03-09T13:55:30.834950,352,0.2809526324272156,0.8668217658996582,0.9112158665789265
2026-03-09T13:55:30.854966,353,-0.005782180931419134,0.49457958340644836,0.49461338228844925
2026-03-09T13:55:30.875958,354,0.24172453582286835,0.9648032188415527,0.9946235480350354
2026-03-09T13:55:30.895958,355,0.12153476476669312,0.46646565198898315,0.4820382801525233
2026-03-09T13:55:30.916981,356,0.14784939587116241,0.827738344669342,0.8408389923733379
2026-03-09T13:55:30.936960,357,0.002651609480381012,0.6152794361114502,0.6152851497756634
2026-03-09T13:55:30.957957,358,0.24286982417106628,0.6693057417869568,0.7120083759913736
2026-03-09T13:55:30.977972,359,-0.025236863642930984,0.8547075986862183,0.8550801006563615
2026-03-09T13:55:30.998965,360,-0.06550219655036926,0.5106537342071533,0.5148376190728813
2026-03-09T13:55:31.018961,361,0.23041406273841858,0.600685715675354,0.6433614608632041
2026-03-09T13:55:31.039984,362,0.10817211866378784,0.6092345714569092,0.618763258697942
2026-03-09T13:55:31.059970,363,0.1626475751399994,0.3424202799797058,0.37908558643174745
2026-03-09T13:55:31.080987,364,0.11610157787799835,0.5125991106033325,0.5255829378671728
2026-03-09T13:55:31.100998,365,0.09193649888038635,0.5624973177909851,0.5699610094984005
2026-03-09T13:55:31.121968,366,-0.021834759041666985,0.3686649799346924,0.3693110127421802
2026-03-09T13:55:31.142045,367,0.14253005385398865,0.40677669644355774,0.43102447380764264
2026-03-09T13:55:31.161977,368,0.17559458315372467,0.5110917091369629,0.5404148339761523
2026-03-09T13:55:31.183118,369,-0.063557468354702,0.22709408402442932,0.23582042910348863
2026-03-09T13:55:31.202248,370,0.13058911263942719,0.4473734498023987,0.46604347428974086
2026-03-09T13:55:31.223146,371,0.10972524434328079,0.5601767301559448,0.5708218621027045
2026-03-09T13:55:31.244120,372,0.12741243839263916,0.16709695756435394,0.21013167939275976
2026-03-09T13:55:31.264075,373,-0.011845048516988754,0.4078418016433716,0.40801377469649364
2026-03-09T13:55:31.285041,374,-0.06813368201255798,0.18147459626197815,0.19384330711437098
2026-03-09T13:55:31.305005,375,0.31987234950065613,0.4820208251476288,0.5785001260596845
2026-03-09T13:55:31.325981,376,-0.2046540081501007,0.28933775424957275,0.3544003373109112
2026-03-09T13:55:31.346994,377,0.22176238894462585,0.22399842739105225,0.31520446161831533
2026-03-09T13:55:31.366987,378,0.006856838706880808,0.33028993010520935,0.3303610966290617
2026-03-09T13:55:31.387988,379,0.08348191529512405,0.3272084593772888,0.33769010360003315
2026-03-09T13:55:31.407986,380,-0.21526195108890533,0.177578866481781,0.27905548087711246
2026-03-09T13:55:31.428987,381,0.41587933897972107,0.442362517118454,0.607157492864565
2026-03-09T13:55:31.448997,382,-0.13331401348114014,0.1333857625722885,0.1885852270127237
2026-03-09T13:55:31.469990,383,0.13773153722286224,0.3986150026321411,0.4217391334334467
2026-03-09T13:55:31.490002,384,0.227436825633049,0.16252955794334412,0.2795413508933818
2026-03-09T13:55:31.511036,385,-0.25058722496032715,0.25302451848983765,0.35611144922668775
2026-03-09T13:55:31.531000,386,0.18904878199100494,0.12983407080173492,0.22933889315428474
2026-03-09T13:55:31.551997,387,0.04403534531593323,0.4200533330440521,0.42235519913753977
2026-03-09T13:55:31.571998,388,0.10914155840873718,0.06413300335407257,0.12658958049974442
2026-03-09T13:55:31.593014,389,-0.03583455830812454,0.1770906150341034,0.1806798314762757
2026-03-09T13:55:31.613002,390,0.12251036614179611,0.3258809447288513,0.3481482154909969
2026-03-09T13:55:31.633999,391,0.08051060140132904,0.12769460678100586,0.15095651539088795
2026-03-09T13:55:31.654006,392,-0.058282606303691864,0.2651559114456177,0.27148576311126776
2026-03-09T13:55:31.674033,393,-0.038393132388591766,0.20860809087753296,0.21211168801878172
2026-03-09T13:55:31.695016,394,0.1543368101119995,0.11028340458869934,0.18968995830887345
2026-03-09T13:55:31.715033,395,-0.06697572022676468,0.2491712123155594,0.25801558120915763
2026-03-09T13:55:31.736014,396,0.18109498918056488,0.2428428679704666,0.30293242419792304
2026-03-09T13:55:31.756011,397,-0.10357926785945892,0.09397094696760178,0.1398542226902333
2026-03-09T13:55:31.777017,398,0.18476833403110504,0.25791341066360474,0.317267497012794
2026-03-09T13:55:31.797012,399,-0.1558074951171875,0.0685885027050972,0.1702361836920093
2026-03-09T13:55:31.818008,400,0.059518732130527496,0.18524818122386932,0.19457483938365983
2026-03-09T13:55:31.837210,401,-0.22891399264335632,0.017812103033065796,0.22960593860434697
2026-03-09T13:55:31.858175,402,0.3204857110977173,0.21993139386177063,0.38869127726743596
2026-03-09T13:55:31.878137,403,-0.29063135385513306,0.019730880856513977,0.2913003458683864
2026-03-09T13:55:31.899112,404,0.20960597693920135,0.3662661612033844,0.4220018559334788
2026-03-09T13:55:31.919082,405,0.00833100639283657,-0.1919163316488266,0.1920970692672324
2026-03-09T13:55:31.940049,406,-0.03031333163380623,0.46067848801612854,0.4616747419943692
2026-03-09T13:55:31.961022,407,0.16134141385555267,-0.09550060331821442,0.1874871117145167
2026-03-09T13:55:31.982041,408,-0.1633332073688507,0.04639621451497078,0.16979500979332454
2026-03-09T13:55:32.002023,409,0.07656362652778625,0.15889716148376465,0.1763811124658304
2026-03-09T13:55:32.023026,410,-0.07979650795459747,0.3756612539291382,0.38404278457661534
2026-03-09T13:55:32.043034,411,0.3005509674549103,-0.05992788076400757,0.3064673472508085
2026-03-09T13:55:32.064029,412,-0.31910884380340576,0.0718020498752594,0.3270871268635249
2026-03-09T13:55:32.084032,413,0.19385801255702972,0.18866649270057678,0.27051058112483933
2026-03-09T13:55:32.105032,414,-0.019778817892074585,-0.0195692777633667,0.02782369977892315
2026-03-09T13:55:32.125034,415,-0.06013094633817673,0.26927152276039124,0.27590375799764777
2026-03-09T13:55:32.145042,416,0.21807944774627686,-0.04032886028289795,0.22177705584897325
2026-03-09T13:55:32.166045,417,-0.2108115553855896,0.0718514621257782,0.22271987898188084
2026-03-09T13:55:32.186033,418,0.2428482621908188,0.23206691443920135,0.33590226439610715
2026-03-09T13:55:32.207037,419,-0.15502871572971344,-0.1834445595741272,0.24017870250742426
2026-03-09T13:55:32.227039,420,0.03387085348367691,0.4272323250770569,0.42857285764086916
2026-03-09T13:55:32.248049,421,0.05968523398041725,-0.22505265474319458,0.23283261060739902
2026-03-09T13:55:32.268041,422,-0.04602532833814621,0.4390929937362671,0.44149857077561605
2026-03-09T13:55:32.289048,423,-0.017995208501815796,-0.14493077993392944,0.14604368696140518
2026-03-09T13:55:32.309043,424,0.16089153289794922,0.4155866503715515,0.44564374709547766
2026-03-09T13:55:32.330040,425,-0.09394588321447372,-0.2965431809425354,0.3110686212662165
2026-03-09T13:55:32.350047,426,0.07374328374862671,0.37960365414619446,0.3867001501669919
2026-03-09T13:55:32.371046,427,0.027527906000614166,-0.18751491606235504,0.18952474602186045
2026-03-09T13:55:32.391052,428,-0.08164241164922714,0.23379158973693848,0.24763681231114815
2026-03-09T13:55:32.412051,429,0.04221782088279724,-0.03501811623573303,0.0548508237384933
2026-03-09T13:55:32.432051,430,0.09740367531776428,0.3356924057006836,0.3495380769108293
2026-03-09T13:55:32.452267,431,-0.01305677741765976,-0.004987984895706177,0.01397710377203027
2026-03-09T13:55:32.472225,432,-0.04442942515015602,0.2008889615535736,0.20574340498117186
2026-03-09T13:55:32.493201,433,0.003355200868099928,-0.09892760217189789,0.09898448284628553
2026-03-09T13:55:32.513171,434,0.15891334414482117,0.20890629291534424,0.2624791232973053
2026-03-09T13:55:32.534144,435,-0.04264099895954132,0.012573368847370148,0.044456095155103556
2026-03-09T13:55:32.554103,436,-0.0643957331776619,0.100250244140625,0.11915083676476444
2026-03-09T13:55:32.575073,437,0.15760765969753265,0.11490392684936523,0.19504637089865973
2026-03-09T13:55:32.595072,438,-0.21776704490184784,-0.040527377277612686,0.22150610410163726
2026-03-09T13:55:32.617064,439,0.2344399094581604,0.14136482775211334,0.2737628274111281
2026-03-09T13:55:32.637068,440,-0.09749315679073334,0.16891701519489288,0.19503300654856906
2026-03-09T13:55:32.657072,441,0.009072639048099518,0.11002957820892334,0.11040299298538368
2026-03-09T13:55:32.678129,442,0.19298316538333893,-0.08359183371067047,0.21030952613822687
2026-03-09T13:55:32.698110,443,-0.17444416880607605,0.1234709769487381,0.21371909175157602
2026-03-09T13:55:32.719103,444,-0.07396115362644196,0.08843840658664703,0.11528921894669615
2026-03-09T13:55:32.739079,445,0.12451322376728058,0.2076454609632492,0.24211604728220956
2026-03-09T13:55:32.760074,446,-0.006317000836133957,-0.24054355919361115,0.24062649141167733
2026-03-09T13:55:32.780114,447,0.0016057789325714111,0.10371610522270203,0.10372853517015888
2026-03-09T13:55:32.801094,448,0.08579574525356293,0.3449515700340271,0.3554609620936659
2026-03-09T13:55:32.821080,449,-0.16864590346813202,-0.4112563133239746,0.44449206517710715
2026-03-09T13:55:32.842077,450,0.25816723704338074,0.33015620708465576,0.41911029975310704
2026-03-09T13:55:32.862095,451,-0.34919214248657227,-0.07076297700405121,0.3562899820214406
2026-03-09T13:55:32.883086,452,0.35590410232543945,0.14170485734939575,0.3830770113808573
2026-03-09T13:55:32.903138,453,-0.11638028919696808,0.06392029672861099,0.13277867316494618
2026-03-09T13:55:32.924091,454,0.21620774269104004,-0.019740331918001175,0.21710704434400058
2026-03-09T13:55:32.944087,455,-0.48836496472358704,0.1381564736366272,0.5075308364791035
2026-03-09T13:55:32.965094,456,0.26748335361480713,0.0378994345664978,0.27015497700668817
2026-03-09T13:55:32.985099,457,-0.09718820452690125,0.026889652013778687,0.10083947879964919
2026-03-09T13:55:33.006100,458,0.1827063113451004,0.07995329797267914,0.19943451572393578
2026-03-09T13:55:33.026087,459,-0.037076473236083984,-0.013409584760665894,0.03942691759546433
2026-03-09T13:55:33.047096,460,0.06894775480031967,-0.017970167100429535,0.07125110383441344
2026-03-09T13:55:33.067094,461,-0.3983408808708191,0.3589123487472534,0.5361842327560651
2026-03-09T13:55:33.087285,462,0.49357014894485474,-0.238843634724617,0.5483226912848969
2026-03-09T13:55:33.107303,463,-0.35787683725357056,0.11017141491174698,0.3744510265792777
2026-03-09T13:55:33.128236,464,0.10949353128671646,0.19157522916793823,0.22065788412015377
2026-03-09T13:55:33.148196,465,0.06498271226882935,-0.0313108004629612,0.0721326494691886
2026-03-09T13:55:33.169196,466,-0.04239685460925102,0.10046667605638504,0.10904607410895902
2026-03-09T13:55:33.189146,467,-0.18559874594211578,0.05828632414340973,0.1945358323739785
2026-03-09T13:55:33.210099,468,0.2306431382894516,0.06330603361129761,0.23917339135364082
2026-03-09T13:55:33.231104,469,-0.12999287247657776,0.07332231104373932,0.14924579790234185
2026-03-09T13:55:33.251134,470,-0.0024407804012298584,0.21844643354415894,0.21846006897629983
2026-03-09T13:55:33.272111,471,-0.14110586047172546,-0.37894752621650696,0.40436628381342116
2026-03-09T13:55:33.292116,472,0.19852837920188904,0.4650486707687378,0.5056518402342652
2026-03-09T13:55:33.313116,473,-0.13064420223236084,-0.2716691493988037,0.30144988689996144
2026-03-09T13:55:33.333111,474,-0.03604982793331146,0.29186081886291504,0.2940787780193475
2026-03-09T13:55:33.354106,475,-0.08123546838760376,-0.043108463287353516,0.09196488966529823
2026-03-09T13:55:33.374114,476,0.0908142626285553,0.11511097848415375,0.1466211705871547
2026-03-09T13:55:33.395114,477,-0.07883529365062714,0.07294571399688721,0.10740614840639374
2026-03-09T13:55:33.415115,478,0.15132002532482147,0.06508450955152512,0.16472323287219437
2026-03-09T13:55:33.436123,479,-0.17317405343055725,0.10139073431491852,0.20067220481792664
2026-03-09T13:55:33.456118,480,0.09480632841587067,0.05419190973043442,0.10920166201999619
2026-03-09T13:55:33.477119,481,-0.190538227558136,0.07678765058517456,0.205429207863407
2026-03-09T13:55:33.497120,482,0.1878717988729477,0.08390204608440399,0.2057555980985858
2026-03-09T13:55:33.518123,483,-0.09063470363616943,-0.07991401851177216,0.12083418331712317
2026-03-09T13:55:33.538118,484,-0.06835315376520157,-0.023838847875595093,0.07239091308779752
2026-03-09T13:55:33.559126,485,-0.12303885072469711,0.009237512946128845,0.12338513051856856
2026-03-09T13:55:33.579128,486,0.13912655413150787,0.08492584526538849,0.16299876459209162
2026-03-09T13:55:33.600136,487,-0.020509690046310425,0.06051333248615265,0.06389452867323916
2026-03-09T13:55:33.620129,488,-0.044146325439214706,0.15574723482131958,0.16188297997094173
2026-03-09T13:55:33.640131,489,0.13222528994083405,-0.03352984040975571,0.13641032768027983
2026-03-09T13:55:33.661152,490,-0.16493408381938934,-0.08112633228302002,0.18380623981529115
2026-03-09T13:55:33.681142,491,0.13328959047794342,0.17728543281555176,0.22180225341140108
2026-03-09T13:55:33.702138,492,-0.10576021671295166,-0.030830124393105507,0.1101622440279103
2026-03-09T13:55:33.722155,493,-0.08832354098558426,-0.00032084621489048004,0.08832412374049228
2026-03-09T13:55:33.742346,494,0.013519075699150562,0.2308749556541443,0.2312704273271065
2026-03-09T13:55:33.762313,495,0.11815192550420761,-0.12225866317749023,0.1700207582099869
2026-03-09T13:55:33.783273,496,-0.21656009554862976,0.06677559018135071,0.22662139004979065
2026-03-09T13:55:33.803248,497,0.2541898488998413,0.18133842945098877,0.31224366331356573
2026-03-09T13:55:33.824199,498,-0.17630353569984436,-0.11796987801790237,0.21213163088003886
